date,hold_until,Top5_minus_Bottom5|Top5_minus_Bottom5
2018-12-31,2019-01-31,0.001451803464745917
2019-01-31,2019-02-28,0.0015753255408781596
2019-02-28,2019-03-29,0.0016731104212545985
2019-03-29,2019-04-30,0.0016392635635335327
2019-04-30,2019-05-31,0.00163392489458576
2019-05-31,2019-06-28,0.0015716910240062363
2019-06-28,2019-07-31,0.0016789416286922007
2019-07-31,2019-08-30,0.0016737070989670106
2019-08-30,2019-09-30,0.001541237540097524
2019-09-30,2019-10-31,0.0015352744110076312
2019-10-31,2019-11-29,0.0018391658470674275
2019-11-29,2019-12-31,0.0019903786074640622
2019-12-31,2020-01-31,0.001990738744904533
2020-01-31,2020-02-28,0.0019497986620290498
2020-02-28,2020-03-31,0.0019433900539161718
2020-03-31,2020-04-30,0.0019064122271458324
2020-04-30,2020-05-29,0.0017971000354216912
2020-05-29,2020-06-30,0.001806143695826339
2020-06-30,2020-07-31,0.001809046022500491
2020-07-31,2020-08-31,0.002002569653429456
2020-08-31,2020-09-30,0.002030586490253871
2020-09-30,2020-10-30,0.0020159695824264055
2020-10-30,2020-11-30,0.001826973480830616
2020-11-30,2020-12-31,0.0017258521704678561
