Asset,MNST,UGI,CHD,WEC,UNH,NEE,ANSS,MO,MKC,ROL,EXPO,BLL,SHW,AAPL,ORLY,AZO,ROST,GILD,TJX,CNI
MNST,0.0965770682,0.0116453863,0.0194734303,0.0109540879,0.0195168719,0.0109897436,0.0317548206,0.0121436334,0.0169057793,0.0205669415,0.0069390214,0.0171721753,0.0223064499,0.0165818491,0.0184461005,0.0147635679,0.0310815701,0.0321278891,0.0146611781,0.0188258854
UGI,0.0116453863,0.0262442502,0.008436404,0.0174501743,0.0088558126,0.0140640263,0.0102637517,0.0046361513,0.0074436859,0.0039273468,0.0064569556,0.0032709428,0.0073538188,0.008109099,0.0091491937,0.0051080764,0.0004539098,0.0106957445,0.0028788047,0.0085052674
CHD,0.0194734303,0.008436404,0.0258308202,0.0065211724,0.0013456809,0.0087831449,0.0089438574,0.0095973001,0.0129063506,0.0087167848,-0.0024283724,0.0041144145,0.0092337442,0.0022313045,0.0065037087,0.0063818076,0.0051083883,0.0039111732,0.0047077728,0.0027287153
WEC,0.0109540879,0.0174501743,0.0065211724,0.0285051513,0.0075006599,0.0191708616,0.0043635497,0.0089901698,0.0089426985,0.0034194701,0.0042116194,-0.0034857338,0.0014383161,0.0021968195,0.0083257116,0.0064353047,0.0026545517,-0.001031568,0.0031846913,0.0014557921
UNH,0.0195168719,0.0088558126,0.0013456809,0.0075006599,0.0286479076,0.0044242267,0.0167712376,0.0015806156,0.0077553582,0.0092224517,0.010911174,0.0051102298,0.0141065716,0.0094285718,0.0111749144,0.010208439,0.013756463,0.0118872491,0.0123964437,0.0086806758
NEE,0.0109897436,0.0140640263,0.0087831449,0.0191708616,0.0044242267,0.0215979024,0.006898593,0.0087708573,0.008242976,0.0055168459,0.0029908708,-0.0005257297,0.0040778142,0.0038446982,0.002135688,0.002455147,0.0013182207,0.0011164471,-0.000435339,0.0001921638
ANSS,0.0317548206,0.0102637517,0.0089438574,0.0043635497,0.0167712376,0.006898593,0.0462208802,0.0011328566,0.0079211306,0.0163450362,0.0107924571,0.0111367126,0.0189563022,0.0227262694,0.0155201335,0.0074909484,0.016288183,0.0155835763,0.0134285981,0.0115514823
MO,0.0121436334,0.0046361513,0.0095973001,0.0089901698,0.0015806156,0.0087708573,0.0011328566,0.0398313615,0.0115059976,0.001349956,-0.0027450083,-0.0004750478,0.0080812227,0.0153829066,0.006352318,0.0037420037,0.0183252006,0.0006875391,0.0087258248,0.0087102146
MKC,0.0169057793,0.0074436859,0.0129063506,0.0089426985,0.0077553582,0.008242976,0.0079211306,0.0115059976,0.0258501891,0.0130185808,0.0052413934,0.007001394,0.0057348079,0.0063561841,0.0110172458,0.0099609711,0.0159769686,0.0010787682,0.0106971353,0.0032607603
ROL,0.0205669415,0.0039273468,0.0087167848,0.0034194701,0.0092224517,0.0055168459,0.0163450362,0.001349956,0.0130185808,0.0288815,0.0107666893,0.0036624813,0.0072658132,0.0094315699,0.0096616341,0.006569013,0.0097972404,0.00576248,0.0098630358,0.0039304729
EXPO,0.0069390214,0.0064569556,-0.0024283724,0.0042116194,0.010911174,0.0029908708,0.0107924571,-0.0027450083,0.0052413934,0.0107666893,0.0418506409,0.0033894856,0.0026673834,0.0092531491,0.0112976313,0.0099571181,0.0072065753,-0.0009071515,0.0101613068,0.0033622901
BLL,0.0171721753,0.0032709428,0.0041144145,-0.0034857338,0.0051102298,-0.0005257297,0.0111367126,-0.0004750478,0.007001394,0.0036624813,0.0033894856,0.0309286742,0.0129141716,0.0090554467,0.0067985549,-0.0000507338,0.0032489607,0.0103132354,-0.0016268164,0.0102649762
SHW,0.0223064499,0.0073538188,0.0092337442,0.0014383161,0.0141065716,0.0040778142,0.0189563022,0.0080812227,0.0057348079,0.0072658132,0.0026673834,0.0129141716,0.0438050296,0.0146248027,0.015427669,0.0155693534,0.0126642314,0.021928714,0.0086083878,0.0158087463
AAPL,0.0165818491,0.008109099,0.0022313045,0.0021968195,0.0094285718,0.0038446982,0.0227262694,0.0153829066,0.0063561841,0.0094315699,0.0092531491,0.0090554467,0.0146248027,0.0660603423,0.0085210109,-0.0008196003,0.018043796,0.0117956185,0.0194871403,0.0185266701
ORLY,0.0184461005,0.0091491937,0.0065037087,0.0083257116,0.0111749144,0.002135688,0.0155201335,0.006352318,0.0110172458,0.0096616341,0.0112976313,0.0067985549,0.015427669,0.0085210109,0.0411840632,0.0340267157,0.0243136796,0.0084210773,0.0180833364,0.0104685679
AZO,0.0147635679,0.0051080764,0.0063818076,0.0064353047,0.010208439,0.002455147,0.0074909484,0.0037420037,0.0099609711,0.006569013,0.0099571181,-0.0000507338,0.0155693534,-0.0008196003,0.0340267157,0.0396332538,0.0226016219,0.004937529,0.0138375037,0.0034234293
ROST,0.0310815701,0.0004539098,0.0051083883,0.0026545517,0.013756463,0.0013182207,0.016288183,0.0183252006,0.0159769686,0.0097972404,0.0072065753,0.0032489607,0.0126642314,0.018043796,0.0243136796,0.0226016219,0.0499578769,0.0008047791,0.028115381,0.0124067031
GILD,0.0321278891,0.0106957445,0.0039111732,-0.001031568,0.0118872491,0.0011164471,0.0155835763,0.0006875391,0.0010787682,0.00576248,-0.0009071515,0.0103132354,0.021928714,0.0117956185,0.0084210773,0.004937529,0.0008047791,0.0675213495,0.0033927784,0.0132751052
TJX,0.0146611781,0.0028788047,0.0047077728,0.0031846913,0.0123964437,-0.000435339,0.0134285981,0.0087258248,0.0106971353,0.0098630358,0.0101613068,-0.0016268164,0.0086083878,0.0194871403,0.0180833364,0.0138375037,0.028115381,0.0033927784,0.0297495354,0.0105494016
CNI,0.0188258854,0.0085052674,0.0027287153,0.0014557921,0.0086806758,0.0001921638,0.0115514823,0.0087102146,0.0032607603,0.0039304729,0.0033622901,0.0102649762,0.0158087463,0.0185266701,0.0104685679,0.0034234293,0.0124067031,0.0132751052,0.0105494016,0.0315591119
