View_Description,Target_Return,Confidence,MNST,UGI,CHD,WEC,UNH,NEE,ANSS,MO,MKC,ROL,EXPO,BLL,SHW,AAPL,ORLY,AZO,ROST,GILD,TJX,CNI
[2018-12-31] Top5_minus_Bottom5 (Omega var: 0.0169456307),0.1599080516,0.035,0.0,0.0,0.2,0.0,0.0,-0.2,0.2,0.0,0.2,0.2,-0.2,0.0,0.0,-0.2,-0.2,-0.2,0.0,0.0,0.0,0.2
[2019-01-31] Top5_minus_Bottom5 (Omega var: 0.0152877882),0.1591063203,0.0343,0.2,-0.2,0.0,0.2,0.0,0.0,0.0,0.0,-0.2,0.0,0.2,0.0,0.2,-0.2,0.0,-0.2,0.0,0.0,-0.2,0.2
[2019-02-28] Top5_minus_Bottom5 (Omega var: 0.0141124691),0.1838536821,0.0565,0.0,-0.2,0.0,-0.2,0.0,-0.2,0.2,0.2,0.0,0.2,0.0,0.0,0.2,0.0,-0.2,-0.2,0.0,0.0,0.0,0.2
[2019-03-29] Top5_minus_Bottom5 (Omega var: 0.0132250155),0.1888050914,0.0814,0.0,0.0,0.0,-0.2,0.2,0.0,0.2,0.0,0.0,0.0,-0.2,0.0,0.2,0.2,-0.2,-0.2,0.0,0.2,-0.2,0.0
[2019-04-30] Top5_minus_Bottom5 (Omega var: 0.0130840935),0.1805615533,0.0458,-0.2,0.0,0.0,0.0,0.0,-0.2,-0.2,0.0,-0.2,0.0,0.2,0.0,0.2,0.0,0.0,-0.2,0.2,0.2,0.0,0.2
[2019-05-31] Top5_minus_Bottom5 (Omega var: 0.0143564592),0.1789786007,0.0516,0.0,0.0,0.0,-0.2,0.2,-0.2,0.0,0.0,0.0,0.0,0.2,-0.2,0.2,0.0,-0.2,-0.2,0.0,0.2,0.0,0.2
[2019-06-28] Top5_minus_Bottom5 (Omega var: 0.0142383566),0.2132839032,0.0317,0.0,0.0,-0.2,0.0,0.2,0.0,-0.2,0.2,0.0,0.2,0.0,-0.2,0.0,-0.2,0.0,-0.2,0.0,0.0,0.2,0.2
[2019-07-31] Top5_minus_Bottom5 (Omega var: 0.0142293075),0.1902141005,0.0386,-0.2,0.0,0.0,0.0,0.2,0.0,0.0,0.0,-0.2,0.2,0.2,-0.2,-0.2,0.0,0.2,-0.2,0.0,0.0,0.0,0.2
[2019-08-30] Top5_minus_Bottom5 (Omega var: 0.0125749055),0.1262562853,0.025,0.0,0.0,0.0,0.0,0.2,-0.2,-0.2,0.0,0.2,0.2,-0.2,-0.2,0.2,0.0,0.2,-0.2,0.0,0.0,0.0,0.0
[2019-09-30] Top5_minus_Bottom5 (Omega var: 0.0115939744),0.2313971677,0.0495,-0.2,0.0,0.0,-0.2,0.2,-0.2,0.0,0.2,-0.2,0.2,0.0,0.2,0.2,0.0,0.0,-0.2,0.0,0.0,0.0,0.0
[2019-10-31] Top5_minus_Bottom5 (Omega var: 0.009047908),0.1668882351,0.0448,0.0,0.2,0.2,-0.2,-0.2,-0.2,0.0,0.0,0.0,0.2,0.2,0.0,0.0,-0.2,0.0,-0.2,0.0,0.0,0.0,0.2
[2019-11-29] Top5_minus_Bottom5 (Omega var: 0.0107355637),0.1566538327,0.0795,0.0,0.0,0.2,0.0,0.0,-0.2,0.2,-0.2,-0.2,0.2,0.0,0.0,0.2,0.0,-0.2,0.0,-0.2,0.2,0.0,0.0
[2019-12-31] Top5_minus_Bottom5 (Omega var: 0.0116047189),0.1630394164,0.073,0.0,-0.2,0.0,-0.2,0.0,-0.2,0.0,-0.2,0.0,0.2,0.0,0.0,0.2,-0.2,0.0,0.2,0.0,0.0,0.2,0.2
[2020-01-31] Top5_minus_Bottom5 (Omega var: 0.0122609469),0.1353505139,0.0268,0.0,-0.2,0.2,0.2,0.2,-0.2,0.2,0.0,-0.2,-0.2,0.0,0.0,0.0,-0.2,0.0,0.0,0.0,0.0,0.2,0.0
[2020-02-28] Top5_minus_Bottom5 (Omega var: 0.0110902131),0.19398055,0.0466,0.0,0.0,0.2,0.2,0.0,-0.2,-0.2,0.0,0.2,-0.2,0.2,-0.2,0.0,-0.2,0.0,0.0,0.0,0.2,0.0,0.0
[2020-03-31] Top5_minus_Bottom5 (Omega var: 0.0108311697),0.1909918528,0.0517,0.0,0.2,0.0,0.0,-0.2,-0.2,0.0,-0.2,0.0,-0.2,0.2,0.0,0.0,0.0,0.0,0.2,0.2,-0.2,0.0,0.2
[2020-04-30] Top5_minus_Bottom5 (Omega var: 0.0108416643),0.1975980408,0.0624,0.0,0.0,0.0,0.0,-0.2,-0.2,0.0,-0.2,-0.2,0.2,0.0,0.0,0.0,0.0,0.2,0.2,0.0,-0.2,0.2,0.2
[2020-05-29] Top5_minus_Bottom5 (Omega var: 0.0107385612),0.2003377888,0.0649,0.0,-0.2,0.0,0.2,0.0,-0.2,0.0,0.0,-0.2,0.0,0.2,0.0,0.0,-0.2,0.2,0.2,0.0,-0.2,0.0,0.2
[2020-06-30] Top5_minus_Bottom5 (Omega var: 0.0104001412),0.1826444199,0.0648,0.0,0.0,0.0,0.0,-0.2,-0.2,0.0,0.0,0.0,0.2,0.0,-0.2,-0.2,-0.2,0.2,0.2,0.0,0.0,0.2,0.2
[2020-07-31] Top5_minus_Bottom5 (Omega var: 0.0100800081),0.1798274931,0.1093,0.0,-0.2,0.0,0.0,0.0,0.0,-0.2,0.0,0.2,0.0,0.2,0.0,-0.2,-0.2,0.0,0.2,0.2,-0.2,0.2,0.0
[2020-08-31] Top5_minus_Bottom5 (Omega var: 0.0122145417),0.1811901469,0.0531,0.2,-0.2,-0.2,0.0,0.0,0.0,0.0,-0.2,0.0,0.2,-0.2,-0.2,0.2,0.0,0.0,0.2,0.0,0.0,0.0,0.2
[2020-09-30] Top5_minus_Bottom5 (Omega var: 0.012522305),0.1764561614,0.0382,0.0,-0.2,-0.2,0.2,0.0,0.0,0.0,0.0,0.0,0.0,0.2,0.2,0.0,-0.2,-0.2,0.2,0.2,0.0,0.0,-0.2
[2020-10-30] Top5_minus_Bottom5 (Omega var: 0.012784094),0.1731300512,0.0531,-0.2,-0.2,0.0,-0.2,0.0,0.0,0.0,0.2,0.0,0.0,0.2,-0.2,0.0,-0.2,0.0,0.2,0.0,0.2,0.2,0.0
[2020-11-30] Top5_minus_Bottom5 (Omega var: 0.0134466514),0.1611326534,0.0521,0.2,0.0,0.0,0.0,0.0,0.0,0.0,0.0,0.0,0.2,0.2,-0.2,0.0,-0.2,-0.2,0.0,-0.2,0.2,0.2,-0.2
