날짜(리밸런싱),보유 종료일,견해,롱 종목,숏 종목,예측 스프레드 Q(%/월),실현 스프레드(%/월),Omega
2018-12-31,2019-01-31,Top5_minus_Bottom5,EXPO WDFC HEI ROL AFG,MKTX AWK TDG ORLY AVGO,0.526,-2.291,0.0008965892256081416
2019-01-31,2019-02-28,Top5_minus_Bottom5,EXPO WDFC TTC ROL POOL,DPZ UNH TDG FISV AVGO,0.549,9.281,0.0009171321514439132
2019-02-28,2019-03-29,Top5_minus_Bottom5,NI EXPO WDFC HEI AFG,DPZ MKTX TDG ORLY AVGO,0.447,-4.459,0.0011923450579203613
2019-03-29,2019-04-30,Top5_minus_Bottom5,EXPO WDFC HEI ROL AFG,DPZ MKTX UNH TDG AVGO,0.579,-2.889,0.0012022695134716523
2019-04-30,2019-05-31,Top5_minus_Bottom5,NI EXPO WDFC NEE ROL,DPZ MKTX UNH TDG AVGO,0.555,1.505,0.0012517295479757718
2019-05-31,2019-06-28,Top5_minus_Bottom5,EXPO WDFC TTC AFG POOL,DPZ MKTX UNH HEI AVGO,0.605,-2.914,0.0012385540086907768
2019-06-28,2019-07-31,Top5_minus_Bottom5,AWK EXPO WDFC TTC AFG,DPZ MKTX UNH HEI AVGO,0.587,8.49,0.0012881216837213841
2019-07-31,2019-08-30,Top5_minus_Bottom5,AWK CMS NEE AFG POOL,DPZ MKTX UNH FISV AVGO,0.479,5.104,0.0014694862061613936
2019-08-30,2019-09-30,Top5_minus_Bottom5,EXPO WDFC TTC AFG POOL,DPZ MKTX UNH TDG AVGO,0.444,6.398,0.0015582713427459004
2019-09-30,2019-10-31,Top5_minus_Bottom5,NI EXPO WDFC CMS TTC,DPZ MKTX UNH ORLY AVGO,0.468,-12.351,0.001697420196802777
2019-10-31,2019-11-29,Top5_minus_Bottom5,NI EXPO WDFC TTC AFG,DPZ MKTX UNH ROL AVGO,0.713,-5.06,0.00236757680798478
2019-11-29,2019-12-31,Top5_minus_Bottom5,EXPO WDFC NEE TTC POOL,DPZ MKTX UNH FISV AVGO,0.699,3.649,0.002471442311812417
2019-12-31,2020-01-31,Top5_minus_Bottom5,WDFC TTC JKHY AFG POOL,DPZ NI UNH TDG AVGO,0.502,-0.548,0.002494096213857829
2020-01-31,2020-02-28,Top5_minus_Bottom5,EXPO WDFC TTC AFG POOL,DPZ UNH TDG HEI ROL,0.514,-4.777,0.0024986743122019724
2020-02-28,2020-03-31,Top5_minus_Bottom5,EXPO WDFC TTC AFG POOL,DPZ MKTX UNH ORLY ROL,0.565,0.105,0.0024860286571891403
2020-03-31,2020-04-30,Top5_minus_Bottom5,CTAS EXPO TTC AFG POOL,DPZ MKTX UNH ROL AVGO,0.457,-12.878,0.0024558118144453376
2020-04-30,2020-05-29,Top5_minus_Bottom5,NI EXPO WDFC TTC POOL,MKTX CTAS TDG HEI ORLY,0.721,-2.883,0.0031869169623848378
2020-05-29,2020-06-30,Top5_minus_Bottom5,NI EXPO WDFC TTC JKHY,DPZ MKTX CTAS TDG HEI,0.515,-0.279,0.0032401371848770756
2020-06-30,2020-07-31,Top5_minus_Bottom5,NI WDFC TTC JKHY ROL,MKTX CTAS TDG AFG AVGO,0.439,5.001,0.0032218579253635907
2020-07-31,2020-08-31,Top5_minus_Bottom5,EXPO WDFC TTC JKHY AFG,DPZ MKTX UNH TDG NEE,0.439,-2.183,0.0032308637415178498
2020-08-31,2020-09-30,Top5_minus_Bottom5,AWK EXPO WDFC TTC JKHY,DPZ UNH TDG HEI AFG,0.523,0.093,0.0030754455959185385
2020-09-30,2020-10-30,Top5_minus_Bottom5,EXPO WDFC HEI JKHY ROL,DPZ MKTX UNH TDG FISV,0.384,6.398,0.0029990222810235643
2020-10-30,2020-11-30,Top5_minus_Bottom5,CTAS EXPO TTC JKHY AVGO,MKTX TDG WDFC NEE AFG,0.476,4.184,0.0031496952014628825
2020-11-30,2020-12-31,Top5_minus_Bottom5,AWK WDFC CMS TTC ROL,MKTX TDG FISV HEI AFG,0.431,-1.578,0.0031758702215098915
