portfolio,months,mean_ex_ret_ann,vol_ann,sharpe,ff3_alpha_ann,t_alpha,b_mkt,s_smb,h_hml,r2
D1,204,0.102022363483006,0.31842121797974415,0.3204006445622477,-0.02558809761772763,-0.6274218012227871,1.3934181942962351,0.9678172666900838,0.6590971685900153,0.7397857567761789
D2,204,0.11390664498294364,0.2647729788537565,0.43020494567105466,-0.007017841977706748,-0.2852980723147898,1.2641740860050403,0.952189589580323,0.4499037162746811,0.8630883362824195
D3,204,0.08791276564568913,0.24452783967661848,0.35952047734912884,-0.029050249975393683,-1.6288144063567807,1.2215849685046036,0.8680187592379153,0.40946243754576817,0.9156124851215958
D4,204,0.11247783618273538,0.22612368821438966,0.49741730762897446,-0.004685933686263274,-0.34351745438551745,1.1755889343173809,0.8389406557023614,0.23593213654401474,0.9422727573473539
D5,204,0.1027927054878949,0.21767495206329796,0.4722302888483177,-0.011620123713623445,-0.9222165266582564,1.143022709107007,0.8000918570825621,0.20584067463419062,0.946848311836368
D6,204,0.10390586416887918,0.20714035794019928,0.5016205687878383,-0.009450249636222263,-0.9276204623335566,1.1110970862748246,0.7717450396030388,0.12349564027831357,0.9616297390744917
D7,204,0.09995630830333257,0.20479019672550952,0.4880912753714914,-0.012193778917741292,-1.1626632312588983,1.091853992701915,0.7843153571854818,0.1057632296521048,0.958396611332814
D8,204,0.10352553923571921,0.19479132387058296,0.5314689441943541,-0.008275456426731742,-0.930396678715735,1.0799427940733588,0.6824045836333027,0.03597354599194588,0.9669260041864349
D9,204,0.10298066903538391,0.1860016477691791,0.5536546061311186,-0.006525930118627235,-0.7052643984339327,1.0490557426288345,0.6144467231970907,-0.01624810595585772,0.960742231675358
D10,204,0.10178125423873181,0.1773327856058101,0.573956213968124,-0.007859720745313013,-0.6635356770657359,1.0227523536197474,0.5180381712972366,-0.1489195839154653,0.9292240223489802
