rank,PERMNO,alpha,b_mkt,s_smb,h_hml,t_alpha,t_mkt,t_smb,t_hml,r2,resid_std,nobs,alpha_ann,p_alpha,appraisal_ratio,window,TICKER,COMNAM,EXCHCD,last_ym,last_adj_prc,also_full_sample
1,85464,0.0326244379622419,0.8377510447588262,0.06241463676198569,0.22037346608298836,3.376319298065431,3.8854736059636172,0.15904692518700062,0.7731622385261855,0.28332688385544946,0.06913714229940587,60,0.39149325554690284,0.001340984969240603,0.4718800470658484,recent_60m,CWST,CASELLA WASTE SYSTEMS INC,3.0,2020-12,61.95,False
2,16171,0.04081611049694295,0.7068746973190358,0.30171213762773397,0.22123365526702743,2.8592067986998098,2.3494978719978357,0.558800748980524,0.546965245112443,0.1727178616791305,0.09326347429377863,52,0.4897933259633154,0.006267074273037603,0.43764304092267436,recent_60m,KNSL,KINSALE CAPITAL GROUP INC,3.0,2020-12,200.13,True
3,16990,0.12026334330555452,-1.4568276317693605,2.9364925011694973,5.847303880185625,2.088625134588317,-1.4221754974858758,1.4104678408530213,3.692823151985866,0.33811055028005366,0.304371569434715,37,1.4431601196666541,0.04453420966492692,0.3951201602991699,recent_60m,LYL,DRAGON VICTORY INTERNATIONAL LTD,3.0,2020-12,2.34,True
4,24205,0.017255330303227085,0.29014459061860015,-0.6478826681564279,-0.06797461832301421,2.81813019907627,2.123639367131481,-2.605388527809157,-0.3763530279451899,0.13181023470025333,0.04381008745724456,60,0.20706396363872503,0.006663219963186549,0.3938666025277175,recent_60m,NEE,NEXTERA ENERGY INC,1.0,2020-12,77.15,True
5,15358,0.03894438573044778,1.7664420304102262,-0.19474410896388059,-1.3188303888455097,2.810265424617672,5.712554867061009,-0.3460231606462972,-3.2262817221744635,0.4207459260310099,0.09915381187838762,60,0.4673326287653733,0.0068072526748243455,0.39276740846043473,recent_60m,SHOP,SHOPIFY INC,1.0,2020-12,1131.95,True
6,14596,0.03700067122334759,0.45419300416959774,1.398464600371486,-1.4196911862115695,2.7724425115643725,1.5251828039875976,2.5801370905698864,-3.606265465665779,0.2753747233524587,0.0954902323499036,60,0.44400805468017107,0.007540901067497916,0.3874812147044162,recent_60m,FIVN,FIVE 9 INC,3.0,2020-12,174.4,True
7,77191,0.020015168031507165,0.669980132253336,0.4161171262505946,0.2896789293256695,2.7541140267196407,4.1315509558058885,1.4098620636772976,1.3512958506757664,0.3953978253421445,0.0519983089853862,60,0.24018201637808598,0.007922006316819758,0.38491959492629463,recent_60m,TTEK,TETRA TECH INC,3.0,2020-12,115.78,False
8,14182,0.0290798212093427,0.47307873000148537,0.8391858201160645,0.40390701220094916,2.699715609808909,1.9682860769658457,1.918327621282944,1.2712136235349722,0.24581590179590984,0.07707004479305048,60,0.3489578545121124,0.00915980029193449,0.3773167809546268,recent_60m,BURL,BURLINGTON STORES INC,1.0,2020-12,261.55,True
9,89506,0.029384219125979494,0.8847024029800441,0.9949618128111913,0.3909839497642011,2.6613204518563593,3.590944863694916,2.21884920227692,1.200474134065277,0.3960154223975746,0.07900032529029383,60,0.3526106295117539,0.010137579027714297,0.37195060929185453,recent_60m,SAIA,SAIA INC,3.0,2020-12,180.8,False
10,15067,0.03813042952145991,0.8031388531287851,0.48004018847166224,-0.5088162228957441,2.650546518699301,2.5019745168676613,0.8216364330130459,-1.1990451672832239,0.15502012097069506,0.10293146728379857,60,0.4575651542575189,0.010428609270564158,0.37044482632631864,recent_60m,FRPT,FRESHPET INC,3.0,2020-12,141.99,False
11,82261,0.024468463061554396,0.9615190596539014,0.5320276250491277,-0.19747745306990977,2.5614546408461183,4.5109331259333025,1.3713632897889174,-0.7008230157488867,0.3702993022548875,0.06834896118115663,60,0.29362155673865276,0.01314365022861733,0.3579931960736251,recent_60m,NOVT,NOVANTA INC,3.0,2020-12,118.22,False
12,16479,0.013547927617041468,0.38396361041924787,-0.16501856969281825,0.08540860966213987,2.120024557157323,3.1125286073471745,-0.7019229772450313,0.45408791259616144,0.20817508775010762,0.03787440717911937,48,0.1625751314044976,0.0396798912893062,0.3577066580334651,recent_60m,AQN,ALGONQUIN POWER & UTILITIES CORP,1.0,2020-12,16.46,True
13,80320,0.02152277786746071,0.9248377192400936,0.32834975727958365,-0.048970698874234775,2.4506962180033267,4.719382781521708,0.9205899179278154,-0.18903330133902316,0.3728036318168372,0.06283776646568842,60,0.25827333440952854,0.01740673494646184,0.34251341315915307,recent_60m,CPRT,COPART INC,3.0,2020-12,127.25,False
14,54253,0.014383724956752464,0.8206726418915504,0.16887925983898908,0.26767248505654007,2.3823687385350016,6.0916659548667855,0.6887352104503547,1.5029765427383686,0.5178634033042474,0.043199058861104776,60,0.17260469948102958,0.020621915563343363,0.33296385004588996,recent_60m,MSA,M S A SAFETY INC,1.0,2020-12,149.39,False
15,92949,0.016103815860636084,0.4855546745511756,-0.16298827972591645,0.22236191368328923,2.376500331898857,3.2112619648499394,-0.5922482919506282,1.1124496052521402,0.20387316260728483,0.04848448798839591,60,0.193245790327633,0.020921445019479935,0.33214367169331166,recent_60m,WCN,WASTE CONNECTIONS INC NEW,1.0,2020-12,102.57,False
16,10158,0.039067453789599124,0.014350841094566857,2.5334207981564454,-0.0018323674641254062,2.362754165913847,0.03889639022698203,3.7726726148018983,-0.0037568760105943576,0.2447359229579784,0.11830646193191494,60,0.4688094454751895,0.021638355393648976,0.33022248448341174,recent_60m,AMRC,AMERESCO INC,1.0,2020-12,52.24,False
17,33823,0.04739359840870822,0.6047117316657422,1.8819162918844776,1.8612930848327687,2.3510411603400057,1.3443657979403205,2.2986836556580053,3.130157367339636,0.3458472837753934,0.1442352291048331,60,0.5687231809044987,0.022266471691065874,0.32858545518211496,recent_60m,BOOM,D M C GLOBAL INC,3.0,2020-12,43.25,False
18,14136,0.0321256303307222,0.6925801115030019,0.9865148392730907,-1.2813329783390133,2.3496488859774876,2.2701253598904994,1.77661486559604,-3.1770509210217686,0.24848232576139373,0.09782741666782918,60,0.3855075639686664,0.022342205628520028,0.3283908685824145,recent_60m,RNG,RINGCENTRAL INC,1.0,2020-12,378.97,True
19,92402,0.014720802339288252,0.9395134306677049,0.2126597934024997,-0.7603657976718132,2.3403030438457173,6.693790588392458,0.8324618912751038,-4.098019772844517,0.534080198939766,0.04500608964227841,60,0.176649628071459,0.022856560597120344,0.32708467801343116,recent_60m,MSCI,M S C I INC,1.0,2020-12,446.53,False
20,76709,0.021100506758396413,0.8466321258746792,0.15847563238238402,-0.2780743001461122,2.3276603327864955,4.185525348502087,0.4304548158393648,-1.0399164130212448,0.28856651280081347,0.06486122953518157,60,0.25320608110075693,0.0235691631931355,0.3253177115144144,recent_60m,IDXX,I D E X X LABORATORIES INC,3.0,2020-12,499.87,True
21,81294,0.02151762533072139,-0.25067032882766893,0.5304968115218074,-0.006537818672871509,2.3221037461955354,-1.212324051177778,1.409640644775007,-0.023918338563835673,0.04267565913767979,0.06630169314586251,60,0.25821150396865666,0.023888573182118764,0.3245411136542623,recent_60m,WDFC,WD 40 CO,3.0,2020-12,265.68,False
22,81472,0.01759792686060144,0.9768222368165489,0.17629399781420904,-0.09906578039060387,2.3129222952823625,5.7536519128959505,0.5705259700527034,-0.4414017585851958,0.44169518013402753,0.05443927876963942,60,0.2111751223272173,0.024424805571040188,0.3232578986776683,recent_60m,ASML,A S M L HOLDING N V,3.0,2020-12,487.72,False
23,55212,0.026393298202285018,0.9752149663459897,0.966298969137572,0.7798817029638131,2.292298311534198,3.795826383428012,2.066461620356486,2.2962388536254847,0.4485677044568107,0.08238239758330486,60,0.3167195784274202,0.025668551933841634,0.32037545612333246,recent_60m,SPXC,S P X CORP,1.0,2020-12,54.54,False
24,86929,0.03695891647954146,0.5415190315105147,-0.618754632863936,0.5152152813102682,2.27300604122439,1.4925318114871804,-0.9369969575052629,1.074189629091732,0.06616628902838884,0.11634039596204705,60,0.4435069977544975,0.026882582354083872,0.3176791360723778,recent_60m,AUDC,AUDIOCODES LTD,3.0,2020-12,27.55,False
25,10107,0.01137011903928015,0.9344406479980145,-0.493013762939658,-0.35201424311049767,2.262851977929492,8.334342980862518,-2.415953300010453,-2.3749924343817597,0.5597465245490201,0.035951810222485704,60,0.13644142847136181,0.027541791256340462,0.31625998715827724,recent_60m,MSFT,MICROSOFT CORP,3.0,2020-12,222.42,False
26,93246,0.02486060031251544,0.856264866227234,0.1352100623169053,-0.11883594121321642,2.261483929135435,3.4907482716920923,0.3028511764015518,-0.36647180281311476,0.22189880310768284,0.0786556641624005,60,0.2983272037501853,0.027631691783756924,0.31606878636465024,recent_60m,GNRC,GENERAC HOLDINGS INC,1.0,2020-12,227.41,True
27,81736,0.020460404700966498,0.24624813446063257,0.24106530524357073,-0.21341461985638457,2.258689812087402,1.2182707996588906,0.6552626908483571,-0.7986884433540571,0.05280764708417218,0.0648141043089055,60,0.245524856411598,0.027816113358140757,0.3156782758803816,recent_60m,RMD,RESMED INC,1.0,2020-12,212.56,False
28,86810,0.026791365002371857,1.1589410235313349,0.9499208534241624,0.18209109268475732,2.228198961416052,4.319654131569761,1.945292469687557,0.5134033382686716,0.41402938865154104,0.08603056413214093,60,0.32149638002846226,0.02990054314715398,0.311416823458474,recent_60m,TREX,TREX COMPANY INC,1.0,2020-12,83.72,False
29,76261,0.020166568654319716,0.23673657136571546,0.3441493712852278,-0.00104438839720071,2.2275941850344436,1.171919909216475,0.9360292158838317,-0.003910902280099825,0.06710770537135724,0.06477506100637224,60,0.24199882385183658,0.02994324614167339,0.3113322988971918,recent_60m,EXPO,EXPONENT INC,3.0,2020-12,90.03,True
30,47896,0.009886050279510322,1.0300241506025372,-0.14936662922148652,1.0681610782386795,2.226861425130898,10.397915828359894,-0.8284423944779321,8.156765677465508,0.8134944794699155,0.03176446314401672,60,0.11863260335412386,0.029995058116548887,0.3112298871442597,recent_60m,JPM,JPMORGAN CHASE & CO,1.0,2020-12,127.07,False
31,13323,0.08074470326306107,0.8005376467104048,3.231446722611558,-0.4588508907825056,2.214277769447712,0.9838487310965546,2.181993309907691,-0.4265800061452151,0.1384029994372754,0.26091187148377765,60,0.9689364391567329,0.03089725163449622,0.3094711743236314,recent_60m,ENPH,ENPHASE ENERGY INC,3.0,2020-12,175.47,False
32,12431,0.014098907428230157,0.9043321634267911,-0.018375536597212985,0.33252315732589255,2.2079598673732885,6.346908041505487,-0.07085721911934818,1.7653810955424853,0.5168475141222081,0.04568842434106436,60,0.1691868891387619,0.03135917413183836,0.30858817373481146,recent_60m,TT,TRANE TECHNOLOGIES PLC,1.0,2020-12,145.16,False
33,88181,0.022394440255862198,0.96331550729988,0.35015217265469933,-0.1101020380876206,2.157036625199213,4.158286147791564,0.830448089733359,-0.359520389489672,0.31314322210713497,0.07428388168370152,60,0.2687332830703464,0.03530972319892203,0.30147105601208396,recent_60m,NVMI,NOVA MEASURING INSTRUMENTS LTD,3.0,2020-12,70.6,False
34,91584,0.03586482203664993,1.0325533628862007,0.40549010040392097,1.3521627537132734,2.154683742531055,2.780070905382795,0.5998372998262996,2.7539413275223357,0.3135581391035053,0.11909596352290591,60,0.4303778644397992,0.03550236272546739,0.30114221318468104,recent_60m,NOA,NORTH AMERICAN CONSTRCTN GRP INC,1.0,2020-12,9.88,False
35,82515,0.017018913660181975,0.6819976870128592,0.17502282518544596,-0.2272421741968026,2.1508979164536197,3.862774699081458,0.544654393528111,-0.9736161285019176,0.26368611723856594,0.05661401207214341,60,0.2042269639221837,0.03581425571186951,0.30061309978340206,recent_60m,POOL,POOL CORP,3.0,2020-12,372.5,False
36,38093,0.013385563635265286,0.6577945081393507,-0.015035773341266101,0.0985293450410072,2.141515462276496,4.716320468687994,-0.05923094740195354,0.5343933033737298,0.3444686116896849,0.044722631075744736,60,0.16062676362318343,0.036597586307056756,0.2993017922535629,recent_60m,AJG,GALLAGHER ARTHUR J & CO,1.0,2020-12,123.71,False
37,79686,0.024224828059450112,0.5202382932828853,1.0381911770234538,-0.15352388447488782,2.1214853981398245,2.0417857688727197,2.2386955450061334,-0.45579142888127716,0.21867542243287919,0.08170197469159139,60,0.29069793671340133,0.03832018278812037,0.29650235690011156,recent_60m,DECK,DECKERS OUTDOOR CORP,1.0,2020-12,286.78,False
38,91402,0.031080814699519416,1.1765177706637424,1.8307207295234382,0.9695275242536092,2.120909335990786,3.5979631712138134,3.0760271645361614,2.242852495740434,0.492840077289344,0.1048533202684093,60,0.372969776394233,0.038370754544823436,0.29642184548812606,recent_60m,GTLS,CHART INDUSTRIES INC,3.0,2020-12,117.79,False
39,19350,0.01758214164315416,0.8442199747278738,-0.0037519799563661554,0.5025512216958713,2.117894716098821,4.557395598435986,-0.011128367510120873,2.0522193842576386,0.3911160761641127,0.05939902339377146,60,0.21098569971784992,0.038636355387080816,0.2960005171566139,recent_60m,DE,DEERE & CO,1.0,2020-12,269.05,False
40,15850,0.03188378798599123,0.6432367583171132,0.4517237255427081,-0.885101481016676,2.110629786008316,1.9082774457424307,0.736297640993481,-1.986305648281479,0.1265078725314226,0.1080860751265159,60,0.38260545583189476,0.03928302732485675,0.29498515834413375,recent_60m,MTCH,MATCH GROUP INC NEW,3.0,2020-12,151.19,True
41,92614,0.014465431574107374,0.25662558151707426,-0.38605806741951554,-0.06253567855631434,2.1073902835861396,1.6754907599182203,-1.3848558436448615,-0.30885334167651207,0.05867245758870432,0.04911320985908675,60,0.17358517888928848,0.039574413903155636,0.29453240005307924,recent_60m,AWK,AMERICAN WATER WORKS CO INC,1.0,2020-12,153.47,True
42,88439,0.02238348572212256,1.1718028179513493,0.3952699328671933,0.08308019575244194,2.1022911636001944,4.932285376988357,0.914107523571005,0.26452913812893447,0.4014571045265365,0.07618101437617034,60,0.2686018286654707,0.04003688573636696,0.2938197384927994,recent_60m,ENTG,ENTEGRIS INC,3.0,2020-12,96.1,False
43,79571,0.030915886350448625,0.4529643322332395,0.7510274651151547,2.022512411645368,2.09262935055521,1.3740518729893538,1.2517130706024437,4.641011724444335,0.39621405196787307,0.10570640105602047,60,0.37099063620538353,0.04092610037121466,0.29246938729911304,recent_60m,CASH,META FINANCIAL GROUP INC,3.0,2020-12,36.56,False
44,79824,0.014674251409941335,0.6403606880562995,0.6905011466555699,0.8042242299596527,2.0790766806504366,4.066003302109522,2.4088919125190533,3.8628030472856074,0.5535870553482733,0.05050069385448107,60,0.17609101691929602,0.04220234029093816,0.2905752434258732,recent_60m,FFIN,FIRST FINANCIAL BANKSHARES INC,3.0,2020-12,36.175,False
45,76128,0.035850474274429125,0.5734706146838979,1.197343474792897,-0.18226389807911508,2.0742278133335446,1.4869666548370777,1.7057628724051215,-0.35749754373327425,0.13460671182778838,0.12366601006038003,60,0.4302056912931495,0.042667279271566674,0.2898975575982851,recent_60m,VICR,VICOR CORP,3.0,2020-12,92.22,False
46,63467,0.013411049151239435,0.5974559678546543,0.02161292012411543,0.1955998531349984,2.069779413499475,4.132336934543731,0.08213213547794393,1.0233888787458354,0.31258538605563535,0.0463607644137356,60,0.16093258981487324,0.04309772430835661,0.2892758417776662,recent_60m,BRO,BROWN & BROWN INC,1.0,2020-12,47.41,False
47,79072,0.010858711310498152,0.9834981325442276,0.7809137668293091,1.1008926224988247,2.0436830532342993,8.295399548854519,3.618900922443015,7.024106339446188,0.8092732627156981,0.03801689475153584,60,0.13030453572597783,0.045699564742407744,0.2856285707043306,recent_60m,BANF,BANCFIRST CORP,3.0,2020-12,58.7,False
48,48486,0.022850132818480216,1.1420489888740502,0.299341777065744,0.341542096799374,2.037183733359404,4.5630446364603365,0.6571237457409874,1.032277761086758,0.3795495355135633,0.08025469083660665,60,0.27420159382176257,0.04636831532274592,0.28472021485948534,recent_60m,LRCX,LAM RESH CORP,3.0,2020-12,472.27,False
49,25129,0.010061412647838842,0.6884391218471115,0.48591439018691296,0.7732209215737452,2.0354278734483366,6.2415263882168075,2.420443083985028,5.302872837919521,0.6986867066216069,0.035368377762780165,60,0.1207369517740661,0.046550430597390266,0.2844748129337995,recent_60m,CBSH,COMMERCE BANCSHARES INC,3.0,2020-12,65.7,False
50,15291,0.040846859850537126,1.29483002449268,1.8621274434161104,-0.480689098900872,2.0299103969225456,2.8837623439192708,2.278588761094548,-0.8098290020893746,0.28677079583810694,0.14397719368054732,60,0.4901623182064455,0.04712672440193388,0.2837036811619417,recent_60m,ETSY,ETSY INC,3.0,2020-12,177.91,False
