formation,sel,mkt,uni,beat_mkt,beat_universe
2003-12,0.20225662439725034,0.11931461886376016,0.2006985674488504,True,True
2004-12,0.1348758527853644,0.0610078353075616,0.03673081936109179,True,True
2005-12,0.08150257790598614,0.15398439680005693,0.17144443324958547,False,False
2006-12,-1.0554581759358861e-05,0.057378903196549924,-0.04647475510697685,False,True
2007-12,-0.38337473529799937,-0.3665607845119463,-0.43526831503447205,False,True
2008-12,0.4823704886027269,0.2862788266190115,0.7054839825304546,True,False
2009-12,0.23466643070338944,0.17411855921775832,0.3123263771266087,True,False
2010-12,0.11637543896234814,0.005010313959058044,-0.09702468494833616,True,True
2011-12,0.14974671625005453,0.16347588259673107,0.17966413355730948,False,False
2012-12,0.4286794628351651,0.3515298465112644,0.4249187069167837,True,True
2013-12,0.021313842324957477,0.11742048220313439,0.015364907114816528,False,True
2014-12,0.08019567505441416,0.00212399634782523,-0.10679548780153802,True,True
2015-12,0.11242769814918874,0.13583939972711678,0.21336276276263444,False,False
2016-12,0.33557616205401386,0.22318134924397315,0.14763304833741464,True,True
2017-12,-0.038947034047483675,-0.05032383811285335,-0.1633253663054829,True,True
2018-12,0.2210820658487338,0.305637914454973,0.24642110050874222,False,False
2019-12,0.400185835901711,0.240661929523305,0.3300671236100927,True,True
