ym,formation,ret_selected,n_selected_alive,ret_negative,ret_universe_ew,MKT_RF,SMB,HML,RF,ex_selected,ex_negative,ex_universe,ret_mkt
2004-01,2003-12,0.031824723489602934,45,0.062265046534986955,0.0766648482566323,0.0215,0.0254,0.0242,0.0007000000000000001,0.031124723489602935,0.061565046534986956,0.0759648482566323,0.022199999999999998
2004-02,2003-12,0.011737524382002642,45,-0.053364264421572,0.006765957147425697,0.013999999999999999,-0.015700000000000002,0.0095,0.0006,0.011137524382002642,-0.053964264421572004,0.006165957147425697,0.014599999999999998
2004-03,2003-12,0.017474822842007694,45,-0.031122730880764053,0.0010116734407482934,-0.0132,0.0173,0.0023,0.0009,0.016574822842007692,-0.03202273088076405,0.0001116734407482934,-0.0123
2004-04,2003-12,-0.07014848971733288,45,-0.14762996184309118,-0.040183181675284,-0.0181,-0.0173,-0.0323,0.0008,-0.07094848971733288,-0.14842996184309118,-0.040983181675284,-0.017300000000000003
2004-05,2003-12,0.07354694715255558,43,-0.015225123292854118,0.004911837585121132,0.0118,-0.0023,-0.0018,0.0006,0.07294694715255558,-0.01582512329285412,0.004311837585121132,0.0124
2004-06,2003-12,0.007380789168837524,42,0.07259799641738585,0.029002447246815333,0.018500000000000003,0.0225,0.0121,0.0008,0.006580789168837524,0.07179799641738585,0.028202447246815334,0.0193
2004-07,2003-12,-0.05562875589978522,42,-0.059943198103869756,-0.07648222314283086,-0.0404,-0.0375,0.0322,0.001,-0.05662875589978522,-0.06094319810386976,-0.07748222314283086,-0.0394
2004-08,2003-12,-0.027092471688435243,42,-0.029735863874726154,-0.016033806705812795,0.0007000000000000001,-0.0151,0.010700000000000001,0.0011,-0.028192471688435243,-0.030835863874726154,-0.017133806705812795,0.0018000000000000002
2004-09,2003-12,0.06434249701183208,42,0.010071803482878042,0.0441594090648406,0.016,0.029900000000000003,-0.0005,0.0011,0.06324249701183207,0.008971803482878042,0.043059409064840605,0.0171
2004-10,2003-12,0.026998794231438146,41,0.0346286268241226,0.0205441233325423,0.014199999999999999,0.0014000000000000002,-0.0026,0.0011,0.025898794231438146,0.0335286268241226,0.0194441233325423,0.0153
2004-11,2003-12,0.0784412487110619,41,0.054111492821281325,0.08671890956516941,0.0453,0.0373,0.015700000000000002,0.0015,0.0769412487110619,0.052611492821281323,0.0852189095651694,0.0468
2004-12,2003-12,0.03922423782853757,40,0.08250827652333122,0.05952648055512509,0.0342,-0.0004,-0.0022,0.0016,0.03762423782853757,0.08090827652333121,0.057926480555125094,0.0358
2005-01,2004-12,-0.014228316830305978,43,-0.06338048233318383,-0.041678496374764416,-0.0275,-0.0169,0.021,0.0016,-0.01582831683030598,-0.06498048233318383,-0.043278496374764414,-0.0259
2005-02,2004-12,0.020519854492944422,43,-0.017411706773614588,0.012741599502825017,0.018799999999999997,-0.0059,0.0144,0.0016,0.01891985449294442,-0.01901170677361459,0.011141599502825016,0.020399999999999998
2005-03,2004-12,-0.04657432380330025,43,-0.04999422607783893,-0.03179379431313283,-0.0194,-0.014199999999999999,0.0208,0.0021,-0.048674323803300244,-0.05209422607783893,-0.03389379431313283,-0.0173
2005-04,2004-12,-0.053778617463150415,43,-0.15468220027956192,-0.0637603489143334,-0.026099999999999998,-0.0395,0.0009,0.0021,-0.05587861746315041,-0.1567822002795619,-0.0658603489143334,-0.023999999999999997
2005-05,2004-12,0.08257132221202754,43,0.003400998649338946,0.05637098058905646,0.0365,0.0287,-0.0060999999999999995,0.0024,0.08017132221202754,0.0010009986493389462,0.05397098058905646,0.0389
2005-06,2004-12,0.037444844756320365,43,0.060607376057217735,0.03302920322153697,0.0058,0.0252,0.0286,0.0023,0.03514484475632036,0.05830737605721774,0.03072920322153697,0.0081
2005-07,2004-12,0.07589435890536565,42,0.09215802836200519,0.07035174480417866,0.0392,0.0287,-0.0078000000000000005,0.0024,0.07349435890536565,0.0897580283620052,0.06795174480417866,0.0416
2005-08,2004-12,-0.01981110754074858,42,-0.02382990093918254,-0.010856640156692464,-0.012,-0.010700000000000001,0.0134,0.003,-0.02281110754074858,-0.026829900939182538,-0.013856640156692464,-0.009000000000000001
2005-09,2004-12,-0.0011381665738163793,42,0.04503065785744512,0.009246802292290334,0.0048,-0.0062,0.0078000000000000005,0.0029,-0.004038166573816379,0.04213065785744512,0.006346802292290335,0.007699999999999999
2005-10,2004-12,-0.004553370089717391,42,-0.05890167674728504,-0.03616519038313803,-0.0204,-0.013000000000000001,0.0043,0.0027,-0.007253370089717391,-0.06160167674728504,-0.03886519038313803,-0.0177
2005-11,2004-12,0.059229186641001755,41,0.038590514060499015,0.041951319038181334,0.0361,0.0105,-0.011899999999999999,0.0031,0.056129186641001756,0.035490514060499016,0.038851319038181335,0.0392
2005-12,2004-12,0.0024360482576627433,41,-0.008914842037251763,0.006326695917879739,-0.0024,-0.0044,0.0015,0.0032,-0.0007639517423372569,-0.012114842037251763,0.0031266959178797384,0.0008000000000000004
2006-01,2005-12,0.08020269641549208,46,0.1193613773428193,0.08639817002064593,0.030299999999999997,0.0546,0.009899999999999999,0.0034999999999999996,0.07670269641549207,0.1158613773428193,0.08289817002064592,0.0338
2006-02,2005-12,-0.01595382283384788,46,-0.009598826761830027,0.004141497220153938,-0.003,-0.0040999999999999995,-0.0031,0.0034000000000000002,-0.01935382283384788,-0.012998826761830028,0.0007414972201539374,0.0004000000000000002
2006-03,2005-12,0.02719005860231977,46,0.0857683189839395,0.043862456750814766,0.0147,0.0339,0.0060999999999999995,0.0037,0.02349005860231977,0.0820683189839395,0.040162456750814764,0.0184
2006-04,2005-12,-0.017433940868650383,46,0.0291133715292205,0.006797738081306066,0.0073,-0.0138,0.0226,0.0036,-0.021033940868650382,0.0255133715292205,0.0031977380813060664,0.0109
2006-05,2005-12,-0.03915091296050924,46,-0.05755555209094791,-0.05348889317408091,-0.0356,-0.0301,0.023799999999999998,0.0043,-0.043450912960509236,-0.06185555209094791,-0.05778889317408091,-0.0313
2006-06,2005-12,0.022589704789349258,46,-0.061971925248867285,-0.012417700818334758,-0.0034999999999999996,-0.0034999999999999996,0.0085,0.004,0.018589704789349258,-0.06597192524886729,-0.016417700818334758,0.0005000000000000004
2006-07,2005-12,-0.05015749753227934,46,-0.048944602678674114,-0.035705133129571166,-0.0077,-0.039599999999999996,0.0262,0.004,-0.054157497532279344,-0.05294460267867411,-0.03970513312957116,-0.0037
2006-08,2005-12,0.011307113477346404,45,0.06710444843995447,0.02953015248573566,0.0203,0.009899999999999999,-0.0195,0.0042,0.0071071134773464046,0.06290444843995448,0.02533015248573566,0.024499999999999997
2006-09,2005-12,0.01899687639001378,45,0.02659124229677306,0.009405874830800838,0.0184,-0.013000000000000001,0.0007000000000000001,0.0040999999999999995,0.014896876390013782,0.02249124229677306,0.005305874830800838,0.0225
2006-10,2005-12,0.03691670210269249,45,0.06030239800503723,0.05142273644727302,0.0322,0.0177,-0.0033,0.0040999999999999995,0.03281670210269249,0.05620239800503723,0.04732273644727302,0.0363
2006-11,2005-12,0.003099484261472517,45,-0.022313708047515445,0.027327511707287405,0.017,0.0063,0.0003,0.0042,-0.001100515738527483,-0.026513708047515443,0.023127511707287406,0.0212
2006-12,2005-12,0.0077255480270725044,45,0.06695112897860506,0.00983912956713041,0.0085,-0.0116,0.0275,0.004,0.0037255480270725044,0.06295112897860505,0.0058391295671304105,0.0125
2007-01,2006-12,0.03691290473123094,46,0.04371961614809899,0.026353878407189446,0.0138,0.0009,-0.0068000000000000005,0.0044,0.03251290473123094,0.039319616148098986,0.021953878407189445,0.0182
2007-02,2006-12,-0.008856819890034727,46,-0.0038864171834351487,0.0018699380721407253,-0.0196,0.0123,-0.0009,0.0038,-0.012656819890034726,-0.007686417183435148,-0.0019300619278592747,-0.015799999999999998
2007-03,2006-12,0.014432213165907924,46,-0.009009340831568366,0.005492875618255142,0.0070999999999999995,0.0009,-0.0089,0.0043,0.010132213165907924,-0.013309340831568366,0.0011928756182551419,0.0114
2007-04,2006-12,0.02279964125653174,46,-0.006584710263826981,0.028117972048738782,0.0349,-0.022099999999999998,-0.0144,0.0044,0.018399641256531738,-0.010984710263826981,0.02371797204873878,0.0393
2007-05,2006-12,0.0294594499996001,46,0.0036287148959315285,0.030641673356566777,0.0323,0.0016,-0.0058,0.0040999999999999995,0.0253594499996001,-0.00047128510406847096,0.026541673356566778,0.0364
2007-06,2006-12,-0.020355006481672627,46,-0.033087293974682006,-0.010419976095133184,-0.0196,0.0072,-0.0104,0.004,-0.024355006481672627,-0.03708729397468201,-0.014419976095133184,-0.0156
2007-07,2006-12,-0.04753235819941404,46,-0.12592721914887478,-0.05430722902250643,-0.037200000000000004,-0.0269,-0.0371,0.004,-0.05153235819941404,-0.12992721914887478,-0.05830722902250643,-0.03320000000000001
2007-08,2006-12,0.023287134436709475,46,-0.07428709148520171,-0.005828977711181251,0.009399999999999999,-0.0013,-0.0189,0.0042,0.019087134436709476,-0.07848709148520171,-0.01002897771118125,0.013599999999999998
2007-09,2006-12,0.03603429978892342,46,-0.01790078876991597,0.018491500081587165,0.0322,-0.022799999999999997,-0.0213,0.0032,0.03283429978892342,-0.02110078876991597,0.015291500081587165,0.0354
2007-10,2006-12,0.031177715119080407,46,0.015580222680989905,0.017664038058266746,0.0179,0.0014000000000000002,-0.0282,0.0032,0.027977715119080405,0.012380222680989905,0.014464038058266746,0.0211
2007-11,2006-12,-0.08466222985751452,46,-0.11884095925787795,-0.0858551357781881,-0.048,-0.0281,-0.0109,0.0034000000000000002,-0.08806222985751452,-0.12224095925787795,-0.0892551357781881,-0.0446
2007-12,2006-12,-0.024362706137496755,46,0.04424682213604689,-0.012686387168898562,-0.0087,0.0012,-0.0048,0.0027,-0.027062706137496756,0.041546822136046886,-0.015386387168898563,-0.005999999999999999
2008-01,2007-12,-0.09216889180257816,44,-0.05420875199199949,-0.05758219909350966,-0.0633,-0.0096,0.04019999999999999,0.0021,-0.09426889180257816,-0.05630875199199949,-0.05968219909350966,-0.0612
2008-02,2007-12,0.007201895614856822,43,-0.11799191490145215,-0.02751073843320777,-0.030899999999999997,-0.0046,-0.0070999999999999995,0.0013,0.0059018956148568225,-0.11929191490145215,-0.02881073843320777,-0.029599999999999998
2008-03,2007-12,-0.019677116700747396,43,-0.04329494306144572,-0.0183027852665375,-0.009399999999999999,0.0077,0.0034000000000000002,0.0017000000000000001,-0.021377116700747396,-0.04499494306144572,-0.0200027852665375,-0.0076999999999999985
2008-04,2007-12,0.0977883439666965,43,-0.05778899003851043,0.031006712273216858,0.0461,-0.0174,-0.009899999999999999,0.0018,0.0959883439666965,-0.05958899003851043,0.029206712273216858,0.047900000000000005
2008-05,2007-12,0.06762893704719737,43,-0.0317332071461314,0.038469357614060416,0.0187,0.029300000000000003,-0.015700000000000002,0.0018,0.06582893704719738,-0.0335332071461314,0.03666935761406041,0.0205
2008-06,2007-12,-0.04880187333027655,43,-0.18649130913719308,-0.10129254052187091,-0.0843,0.0116,-0.024900000000000002,0.0017000000000000001,-0.05050187333027655,-0.1881913091371931,-0.1029925405218709,-0.0826
2008-07,2007-12,-0.041587183734598195,43,-0.0019475560952900248,0.0196669485858115,-0.0075,0.026099999999999998,0.0521,0.0015,-0.043087183734598196,-0.003447556095290025,0.0181669485858115,-0.006
2008-08,2007-12,0.0016598259663425897,43,0.06751988135593097,0.031281416905484784,0.015300000000000001,0.0339,0.0151,0.0013,0.00035982596634258975,0.06621988135593097,0.029981416905484785,0.0166
2008-09,2007-12,-0.13933661727780577,43,-0.17463019486812822,-0.11231430304350885,-0.0935,-0.0106,0.0565,0.0015,-0.14083661727780578,-0.17613019486812823,-0.11381430304350885,-0.092
2008-10,2007-12,-0.22590157479614728,43,-0.3259286929624957,-0.22547248068382633,-0.172,-0.0229,-0.0192,0.0008,-0.22670157479614728,-0.32672869296249574,-0.22627248068382633,-0.1712
2008-11,2007-12,-0.07521339065096369,43,-0.09669313410292849,-0.1391801687102774,-0.0774,-0.029900000000000003,-0.0621,0.0003,-0.07551339065096369,-0.09699313410292848,-0.1394801687102774,-0.0771
2008-12,2007-12,0.043221984636740304,43,-0.17536770754979603,0.04813905186272555,0.0177,0.0349,0.0002,0.0,0.043221984636740304,-0.17536770754979603,0.04813905186272555,0.0177
2009-01,2008-12,-0.058312199766560484,43,0.12223157946414157,-0.05084388848959338,-0.0809,-0.0001,-0.1101,0.0,-0.058312199766560484,0.12223157946414157,-0.05084388848959338,-0.0809
2009-02,2008-12,-0.0866225903691735,43,-0.1771175778580617,-0.12020896980883637,-0.1014,0.0014000000000000002,-0.0659,0.0001,-0.0867225903691735,-0.1772175778580617,-0.12030896980883637,-0.1013
2009-03,2008-12,0.08287452624472245,43,0.3499246865592683,0.13267372265501048,0.0901,-0.0009,0.0347,0.0002,0.08267452624472245,0.3497246865592683,0.13247372265501048,0.0903
2009-04,2008-12,0.14458569250829162,43,0.46406413065114194,0.23146883483344052,0.1017,0.0537,0.0537,0.0001,0.14448569250829163,0.46396413065114195,0.23136883483344053,0.1018
2009-05,2008-12,0.10608076645356834,43,0.33556575759776697,0.09048088689312657,0.0521,-0.0242,0.0043,0.0,0.10608076645356834,0.33556575759776697,0.09048088689312657,0.0521
2009-06,2008-12,-0.013446269514218345,43,0.02399463341772618,0.025321606535063414,0.0042,0.0259,-0.0278,0.0001,-0.013546269514218345,0.023894633417726182,0.025221606535063414,0.0043
2009-07,2008-12,0.07304051501347589,43,0.42851727897452196,0.10548855189741675,0.0774,0.0175,0.0489,0.0001,0.07294051501347588,0.428417278974522,0.10538855189741675,0.0775
2009-08,2008-12,0.014016762544122634,43,0.3097135758384659,0.06670258709417531,0.0333,-0.011200000000000002,0.076,0.0001,0.013916762544122635,0.30961357583846594,0.06660258709417531,0.033400000000000006
2009-09,2008-12,0.07655975481044829,43,0.1613440645763718,0.07681381806234373,0.0408,0.024300000000000002,0.0115,0.0001,0.07645975481044828,0.1612440645763718,0.07671381806234373,0.040900000000000006
2009-10,2008-12,-0.027635681438739502,43,-0.04113057163517388,-0.06497286544626349,-0.0253,-0.0426,-0.0417,0.0,-0.027635681438739502,-0.04113057163517388,-0.06497286544626349,-0.0253
2009-11,2008-12,0.05545166873620299,43,-0.006572073924564039,0.02805988450839457,0.056299999999999996,-0.025,-0.0033,0.0,0.05545166873620299,-0.006572073924564039,0.02805988450839457,0.056299999999999996
2009-12,2008-12,0.05998265028470983,43,0.11914493552882179,0.07286037004749363,0.027999999999999997,0.0601,-0.0011,0.0001,0.05988265028470983,0.11904493552882178,0.07276037004749362,0.028099999999999997
2010-01,2009-12,-0.0811758227868197,49,0.3672839415067383,-0.015941754594163342,-0.0335,0.0043,0.0033,0.0,-0.0811758227868197,0.3672839415067383,-0.015941754594163342,-0.0335
2010-02,2009-12,0.07544753097681506,49,-0.07192440149049122,0.04343895651538272,0.0339,0.0118,0.0318,0.0,0.07544753097681506,-0.07192440149049122,0.04343895651538272,0.0339
2010-03,2009-12,0.05621837856410657,49,0.009974401448014895,0.08105148474974057,0.063,0.0146,0.0219,0.0001,0.05611837856410657,0.009874401448014896,0.08095148474974057,0.0631
2010-04,2009-12,-0.010410795931150199,49,0.3497827543442911,0.07697198222451217,0.0199,0.0484,0.0296,0.0001,-0.010510795931150198,0.34968275434429114,0.07687198222451216,0.02
2010-05,2009-12,-0.07426259310026696,49,-0.20878288214170293,-0.0870343809678448,-0.079,0.0013,-0.0248,0.0001,-0.07436259310026697,-0.20888288214170292,-0.0871343809678448,-0.0789
2010-06,2009-12,-0.06453852600273019,49,-0.2713703778614323,-0.08223014008292873,-0.0556,-0.0179,-0.0473,0.0001,-0.06463852600273019,-0.2714703778614323,-0.08233014008292873,-0.055499999999999994
2010-07,2009-12,0.09520657008792742,48,0.12706676866843558,0.07170618505545123,0.0692,0.0023,-0.0049,0.0001,0.09510657008792742,0.1269667686684356,0.07160618505545123,0.0693
2010-08,2009-12,-0.01493041191577926,48,-0.15605142515150242,-0.07023514673264798,-0.0478,-0.0301,-0.0173,0.0001,-0.01503041191577926,-0.1561514251515024,-0.07033514673264799,-0.0477
2010-09,2009-12,0.12350487201506642,48,0.12315240193506534,0.12460992037367244,0.0955,0.0382,-0.0302,0.0001,0.12340487201506642,0.12305240193506534,0.12450992037367244,0.0956
2010-10,2009-12,0.035122341996608165,48,-0.011035879854252502,0.042621037535832816,0.0387,0.0108,-0.0246,0.0001,0.03502234199660816,-0.011135879854252502,0.04252103753583281,0.0388
2010-11,2009-12,0.03170325800195245,48,-0.0784318134668524,0.025372967866605006,0.0059,0.036699999999999997,-0.009000000000000001,0.0001,0.03160325800195245,-0.0785318134668524,0.025272967866605007,0.006
2010-12,2009-12,0.06640264800757029,48,0.1790197485127047,0.09359342319256508,0.0682,0.0072,0.0356,0.0001,0.06630264800757028,0.1789197485127047,0.09349342319256508,0.0683
2011-01,2010-12,0.02205140632262074,47,0.11969053044603539,0.008838119344738006,0.019799999999999998,-0.0229,0.0060999999999999995,0.0001,0.021951406322620742,0.11959053044603539,0.008738119344738006,0.019899999999999998
2011-02,2010-12,0.0392122230977817,47,-0.02039445477251596,0.049658301328454925,0.0348,0.015,0.0118,0.0001,0.039112223097781694,-0.02049445477251596,0.04955830132845492,0.0349
2011-03,2010-12,0.05157505884348388,46,-0.08923034847419001,0.017720247613170613,0.0045000000000000005,0.024900000000000002,-0.0184,0.0001,0.05147505884348388,-0.08933034847419001,0.017620247613170614,0.004600000000000001
2011-04,2010-12,0.026163498004224944,46,-0.02136790916851785,0.019765052214520757,0.028999999999999998,-0.0042,-0.024399999999999998,0.0,0.026163498004224944,-0.02136790916851785,0.019765052214520757,0.028999999999999998
2011-05,2010-12,0.009043111322188957,45,-0.07017688519650934,-0.021829581859200597,-0.0127,-0.0073,-0.018500000000000003,0.0,0.009043111322188957,-0.07017688519650934,-0.021829581859200597,-0.0127
2011-06,2010-12,-0.004853739893062323,45,-0.09889011753699975,-0.029913472007975513,-0.0174,-0.0027,-0.002,0.0,-0.004853739893062323,-0.09889011753699975,-0.029913472007975513,-0.0174
2011-07,2010-12,-0.0006549769061743618,44,-0.0045660176827062825,-0.032321837800966834,-0.0235,-0.0118,-0.009000000000000001,0.0,-0.0006549769061743618,-0.0045660176827062825,-0.032321837800966834,-0.0235
2011-08,2010-12,-0.03503981660522439,44,-0.18488425061287797,-0.09394440353899756,-0.0596,-0.0296,-0.024300000000000002,0.0001,-0.035139816605224396,-0.18498425061287796,-0.09404440353899757,-0.0595
2011-09,2010-12,-0.08873615729609301,42,-0.16824677545611713,-0.11831217171963589,-0.0758,-0.031200000000000002,-0.015300000000000001,0.0,-0.08873615729609301,-0.16824677545611713,-0.11831217171963589,-0.0758
2011-10,2010-12,0.10331385175054031,42,0.1946774612582463,0.14569018172332981,0.1133,0.0305,0.0006,0.0,0.10331385175054031,0.1946774612582463,0.14569018172332981,0.1133
2011-11,2010-12,0.02666542529806314,42,-0.16891633318802832,-0.019669741017336966,-0.0027,-0.0018,-0.0052,0.0,0.02666542529806314,-0.16891633318802832,-0.019669741017336966,-0.0027
2011-12,2010-12,-0.02549781539060215,42,-0.03985675729365658,-0.0027301721100244434,0.0075,-0.005600000000000001,0.0154,0.0,-0.02549781539060215,-0.03985675729365658,-0.0027301721100244434,0.0075
2012-01,2011-12,0.05315359651058547,44,0.3675409228232412,0.09557946814246067,0.050499999999999996,0.020099999999999996,-0.009300000000000001,0.0,0.05315359651058547,0.3675409228232412,0.09557946814246067,0.050499999999999996
2012-02,2011-12,0.041895445014862684,44,0.08879124776444845,0.03887807406377631,0.044199999999999996,-0.0184,0.0042,0.0,0.041895445014862684,0.08879124776444845,0.03887807406377631,0.044199999999999996
2012-03,2011-12,0.01713478636357882,44,-0.0008037963768204746,0.026909521872447148,0.031200000000000002,-0.0063,0.011899999999999999,0.0,0.01713478636357882,-0.0008037963768204746,0.026909521872447148,0.031200000000000002
2012-04,2011-12,0.0171201424189705,44,-0.02746227873692611,-0.02009286240975274,-0.0085,-0.0037,-0.0077,0.0,0.0171201424189705,-0.02746227873692611,-0.02009286240975274,-0.0085
2012-05,2011-12,-0.05601214593591415,44,-0.14667689628126593,-0.07962787907147988,-0.0617,0.0012,-0.0095,0.0001,-0.056112145935914154,-0.14677689628126592,-0.07972787907147988,-0.061599999999999995
2012-06,2011-12,0.03387359967535551,44,0.06665482533061111,0.038888538028193274,0.038900000000000004,0.0072,0.0055000000000000005,0.0,0.03387359967535551,0.06665482533061111,0.038888538028193274,0.038900000000000004
2012-07,2011-12,0.011325263179142212,43,0.02279179876543992,-0.009926102872254502,0.0079,-0.0276,-0.0006,0.0,0.011325263179142212,0.02279179876543992,-0.009926102872254502,0.0079
2012-08,2011-12,0.020978041469541207,43,0.07308589226742854,0.03539439313039998,0.0254,0.0048,0.0125,0.0001,0.020878041469541208,0.07298589226742853,0.035294393130399976,0.0255
2012-09,2011-12,0.014317343363371631,43,0.029647687667516444,0.041749282452195884,0.0273,0.0045000000000000005,0.0163,0.0001,0.014217343363371632,0.029547687667516444,0.04164928245219588,0.0274
2012-10,2011-12,-0.01604665403336087,43,-0.044705341809884766,-0.024501709889709133,-0.0176,-0.011000000000000001,0.0352,0.0001,-0.01614665403336087,-0.04480534180988477,-0.024601709889709132,-0.0175
2012-11,2011-12,0.005689732495021567,43,0.034663162344978966,0.006153342802704989,0.0078000000000000005,0.006,-0.0087,0.0001,0.005589732495021566,0.034563162344978964,0.006053342802704989,0.0079
2012-12,2011-12,0.0013411790771420897,43,0.00615908962693392,0.0277159156360725,0.0118,0.0149,0.0352,0.0001,0.0012411790771420896,0.00605908962693392,0.0276159156360725,0.011899999999999999
2013-01,2012-12,0.05107577050908454,48,0.1054933234471844,0.07088500363198517,0.0557,0.0028000000000000004,0.0101,0.0,0.05107577050908454,0.1054933234471844,0.07088500363198517,0.0557
2013-02,2012-12,0.0069214757891088025,48,0.03524715463765376,0.0029281540939024254,0.0128,-0.0029,0.0018,0.0,0.0069214757891088025,0.03524715463765376,0.0029281540939024254,0.0128
2013-03,2012-12,0.033959002549717225,48,0.07239498883784246,0.044189594506535645,0.0404,0.0083,-0.0021,0.0,0.033959002549717225,0.07239498883784246,0.044189594506535645,0.0404
2013-04,2012-12,0.03183670751264337,48,-0.0038824940908541877,-0.0048547195486933255,0.015600000000000001,-0.023700000000000002,0.0046,0.0,0.03183670751264337,-0.0038824940908541877,-0.0048547195486933255,0.015600000000000001
2013-05,2012-12,0.05053675125284438,48,0.07463646175918709,0.04717346330132867,0.027999999999999997,0.0167,0.0271,0.0,0.05053675125284438,0.07463646175918709,0.04717346330132867,0.027999999999999997
2013-06,2012-12,-0.007326605428635706,48,-0.04222166395663861,-0.011331452126681267,-0.012,0.0131,-0.0004,0.0,-0.007326605428635706,-0.04222166395663861,-0.011331452126681267,-0.012
2013-07,2012-12,0.07682479129787646,48,0.07779225736705932,0.07797251635847666,0.0565,0.0182,0.005699999999999999,0.0,0.07682479129787646,0.07779225736705932,0.07797251635847666,0.0565
2013-08,2012-12,-0.017794927471047984,48,0.09844804127465911,-0.02225182240900635,-0.0271,0.0032,-0.0273,0.0,-0.017794927471047984,0.09844804127465911,-0.02225182240900635,-0.0271
2013-09,2012-12,0.05798363361671912,48,0.07895642487196845,0.060124788106997964,0.0377,0.028900000000000002,-0.0118,0.0,0.05798363361671912,0.07895642487196845,0.060124788106997964,0.0377
2013-10,2012-12,0.038543547938351234,48,-0.007006738948785949,0.028686152104244904,0.0417,-0.015600000000000001,0.012199999999999999,0.0,0.038543547938351234,-0.007006738948785949,0.028686152104244904,0.0417
2013-11,2012-12,0.04190542451384632,48,0.07564078204512849,0.042435395428944464,0.0311,0.0131,0.0019,0.0,0.04190542451384632,0.07564078204512849,0.042435395428944464,0.0311
2013-12,2012-12,0.002060791787746772,48,0.10909856918258334,0.029244363657564186,0.0281,-0.0044,0.0,0.0,0.002060791787746772,0.10909856918258334,0.029244363657564186,0.0281
2014-01,2013-12,-0.017208340028558308,48,0.029453340716377237,-0.010016675266302802,-0.0332,0.009300000000000001,-0.0199,0.0,-0.017208340028558308,0.029453340716377237,-0.010016675266302802,-0.0332
2014-02,2013-12,0.021967870326963082,48,0.09881660792433396,0.05175950070738785,0.0466,0.0036,-0.0034999999999999996,0.0,0.021967870326963082,0.09881660792433396,0.05175950070738785,0.0466
2014-03,2013-12,-0.023033804139044194,48,0.006590214845418952,-0.0004776246671200026,0.0043,-0.018600000000000002,0.049,0.0,-0.023033804139044194,0.006590214845418952,-0.0004776246671200026,0.0043
2014-04,2013-12,-0.042498530641958555,48,-0.057660024958024456,-0.03633747310409042,-0.0018,-0.0418,0.012199999999999999,0.0,-0.042498530641958555,-0.057660024958024456,-0.03633747310409042,-0.0018
2014-05,2013-12,-0.01396446059629186,48,-0.015856590433052695,0.0028648200972573104,0.020499999999999997,-0.018500000000000003,-0.001,0.0,-0.01396446059629186,-0.015856590433052695,0.0028648200972573104,0.020499999999999997
2014-06,2013-12,0.03317541454313119,48,0.061606938391448235,0.04767346934012041,0.026000000000000002,0.0305,-0.0070999999999999995,0.0,0.03317541454313119,0.061606938391448235,0.04767346934012041,0.026000000000000002
2014-07,2013-12,-0.022399195749893352,48,-0.03804067961293446,-0.04855233468190711,-0.0203,-0.0417,-0.0008,0.0,-0.022399195749893352,-0.03804067961293446,-0.04855233468190711,-0.0203
2014-08,2013-12,0.03434884201277849,48,0.02099893860857829,0.04567876255810436,0.0424,0.004,-0.0058,0.0,0.03434884201277849,0.02099893860857829,0.04567876255810436,0.0424
2014-09,2013-12,-0.024612271276085895,48,-0.11794271821880625,-0.06183728537992754,-0.0196,-0.036000000000000004,-0.0147,0.0,-0.024612271276085895,-0.11794271821880625,-0.06183728537992754,-0.0196
2014-10,2013-12,0.06473955608258662,48,-0.028140841566676306,0.02586984762806837,0.025099999999999997,0.04019999999999999,-0.0167,0.0,0.06473955608258662,-0.028140841566676306,0.02586984762806837,0.025099999999999997
2014-11,2013-12,0.021999715652447238,47,-0.05362186687562643,-0.0026365161533150657,0.0256,-0.020499999999999997,-0.0313,0.0,0.021999715652447238,-0.05362186687562643,-0.0026365161533150657,0.0256
2014-12,2013-12,-0.005797474501179524,47,0.09640681144843104,0.008985444409872308,-0.0005,0.0252,0.021099999999999997,0.0,-0.005797474501179524,0.09640681144843104,0.008985444409872308,-0.0005
2015-01,2014-12,0.007099032371179664,48,-0.13869292361297458,-0.038198351777397395,-0.031,-0.0060999999999999995,-0.0348,0.0,0.007099032371179664,-0.13869292361297458,-0.038198351777397395,-0.031
2015-02,2014-12,0.07331783881291631,47,0.24291598104796522,0.0748685508054533,0.0613,0.0064,-0.0175,0.0,0.07331783881291631,0.24291598104796522,0.0748685508054533,0.0613
2015-03,2014-12,0.021225500187207574,47,-0.10597815311021597,-0.005930667140640935,-0.0111,0.030600000000000002,-0.0038,0.0,0.021225500187207574,-0.10597815311021597,-0.005930667140640935,-0.0111
2015-04,2014-12,-0.030720592211445262,47,0.13632081284487377,0.005920032584002537,0.0059,-0.0298,0.0181,0.0,-0.030720592211445262,0.13632081284487377,0.005920032584002537,0.0059
2015-05,2014-12,0.03313456508305361,46,-0.12341533289803223,0.0024434164859867442,0.0137,0.0096,-0.011000000000000001,0.0,0.03313456508305361,-0.12341533289803223,0.0024434164859867442,0.0137
2015-06,2014-12,0.010423894321357053,46,-0.09534826055758197,-0.010830416829931591,-0.0152,0.029500000000000002,-0.008,0.0,0.010423894321357053,-0.09534826055758197,-0.010830416829931591,-0.0152
2015-07,2014-12,0.046702918108530875,46,-0.17687527550022172,-0.03925634731312273,0.015700000000000002,-0.0417,-0.0416,0.0,0.046702918108530875,-0.17687527550022172,-0.03925634731312273,0.015700000000000002
2015-08,2014-12,-0.0651084004082383,46,0.19242947053479312,-0.04734868507205998,-0.0602,0.0037,0.0275,0.0,-0.0651084004082383,0.19242947053479312,-0.04734868507205998,-0.0602
2015-09,2014-12,-0.04184380089440568,46,-0.22046190649503578,-0.06345888383117944,-0.030600000000000002,-0.0263,0.0055000000000000005,0.0,-0.04184380089440568,-0.22046190649503578,-0.06345888383117944,-0.030600000000000002
2015-10,2014-12,0.029595938533986704,46,0.10224244530294185,0.06254051943127598,0.0775,-0.0191,-0.0046,0.0,0.029595938533986704,0.10224244530294185,0.06254051943127598,0.0775
2015-11,2014-12,0.018624881344826826,46,-0.08874132661152562,0.010077799628173895,0.005699999999999999,0.0358,-0.0043,0.0,0.018624881344826826,-0.08874132661152562,0.010077799628173895,0.005699999999999999
2015-12,2014-12,-0.01651290813990099,46,-0.15974698601584375,-0.05282416295927627,-0.0215,-0.027999999999999997,-0.025699999999999997,0.0001,-0.01661290813990099,-0.15984698601584374,-0.05292416295927627,-0.0214
2016-01,2015-12,-0.04513645917367925,44,-0.15968363306791028,-0.08847456448098925,-0.0574,-0.034,0.0208,0.0001,-0.04523645917367925,-0.15978363306791027,-0.08857456448098926,-0.0573
2016-02,2015-12,-0.004700548329386769,44,0.02435404874919045,0.018336314492475497,-0.0006,0.0073,-0.0060999999999999995,0.0002,-0.004900548329386769,0.02415404874919045,0.0181363144924755,-0.00039999999999999996
2016-03,2015-12,0.049330431544961355,44,0.23769795898678153,0.09082045904990185,0.0695,0.0075,0.0123,0.0002,0.049130431544961356,0.23749795898678153,0.09062045904990185,0.06970000000000001
2016-04,2015-12,0.003654745772574315,44,0.27867810767621415,0.04608080955461183,0.0092,0.0077,0.0322,0.0001,0.003554745772574315,0.27857810767621416,0.045980809554611826,0.0093
2016-05,2015-12,0.018104882109980736,44,-0.03464573029403287,-0.0029384992926233663,0.0178,-0.0018,-0.016200000000000003,0.0001,0.018004882109980736,-0.03474573029403287,-0.003038499292623366,0.0179
2016-06,2015-12,0.01583431784880323,44,0.08395479666738828,-0.00320454897954717,-0.0003,0.006,-0.0149,0.0002,0.01563431784880323,0.08375479666738828,-0.0034045489795471702,-9.999999999999996e-05
2016-07,2015-12,0.040218357419818405,43,0.10711552246779019,0.06234744146334947,0.0394,0.024700000000000003,-0.0127,0.0002,0.04001835741981841,0.10691552246779018,0.062147441463349475,0.039599999999999996
2016-08,2015-12,-0.001981091777133139,43,-0.03785251418848861,0.01854943720545296,0.0049,0.011899999999999999,0.0317,0.0002,-0.002181091777133139,-0.03805251418848861,0.01834943720545296,0.0050999999999999995
2016-09,2015-12,-0.003972211995460828,43,0.06824847161975477,0.014344471406591338,0.0027,0.0209,-0.012199999999999999,0.0002,-0.004172211995460828,0.06804847161975476,0.014144471406591337,0.0029000000000000002
2016-10,2015-12,-0.04504567671633871,43,-0.07456651762203922,-0.050299048272334605,-0.020099999999999996,-0.0441,0.040999999999999995,0.0002,-0.04524567671633871,-0.07476651762203923,-0.050499048272334604,-0.019899999999999998
2016-11,2015-12,0.07232736532182125,43,0.14462947465730625,0.08783013977761589,0.048600000000000004,0.055999999999999994,0.0832,0.0001,0.07222736532182125,0.14452947465730626,0.08773013977761589,0.04870000000000001
2016-12,2015-12,0.014892353398949622,43,-0.05796973507364349,0.016487444292983024,0.0181,0.0013,0.035,0.0003,0.014592353398949622,-0.05826973507364349,0.016187444292983022,0.018400000000000003
2017-01,2016-12,0.026382973741333176,46,0.0586862141117785,0.022236832105736886,0.0194,-0.0116,-0.0274,0.0004,0.025982973741333175,0.0582862141117785,0.021836832105736885,0.0198
2017-02,2016-12,0.045858225406126725,46,-0.06573508563914993,0.013183680444051942,0.0355,-0.0213,-0.0152,0.0004,0.04545822540612673,-0.06613508563914992,0.012783680444051943,0.035899999999999994
2017-03,2016-12,0.0024954059812085034,45,-0.0678126602166863,0.004117695846806324,0.0017000000000000001,0.0113,-0.0333,0.0003,0.0021954059812085034,-0.0681126602166863,0.003817695846806324,0.002
2017-04,2016-12,0.07547507868917323,45,-0.11912950879750138,0.0003625184159488244,0.0108,0.0068000000000000005,-0.0208,0.0005,0.07497507868917323,-0.11962950879750138,-0.0001374815840511756,0.011300000000000001
2017-05,2016-12,0.034176433638078756,45,-0.1053162028287849,-0.024999978717191246,0.010700000000000001,-0.025099999999999997,-0.0382,0.0006,0.03357643363807875,-0.1059162028287849,-0.025599978717191246,0.011300000000000001
2017-06,2016-12,0.017766165647756925,45,-0.05069899580499328,0.031673229428265254,0.0079,0.0222,0.0151,0.0006,0.017166165647756925,-0.05129899580499328,0.031073229428265254,0.0085
2017-07,2016-12,0.007837761654611369,44,-0.055817454646421946,0.0032231702945455408,0.018799999999999997,-0.014499999999999999,-0.0023,0.0007000000000000001,0.007137761654611369,-0.056517454646421945,0.0025231702945455407,0.019499999999999997
2017-08,2016-12,0.003371297513020821,44,-0.06980620675206017,-0.017446505599651274,0.0018,-0.0167,-0.0213,0.0009,0.002471297513020821,-0.07070620675206017,-0.018346505599651276,0.0027
2017-09,2016-12,0.011319409717902575,44,0.12391366764211521,0.06576403174508433,0.024900000000000002,0.044500000000000005,0.0315,0.0009,0.010419409717902575,0.12301366764211522,0.06486403174508433,0.025800000000000003
2017-10,2016-12,0.021089537862422285,44,-0.02534981755146241,0.0017116852726992053,0.0226,-0.019299999999999998,0.0013,0.0009,0.020189537862422283,-0.026249817551462412,0.0008116852726992054,0.0235
2017-11,2016-12,0.04864177524902695,44,-0.041405339929474275,0.03189390580897793,0.031200000000000002,-0.006,-0.0009,0.0008,0.04784177524902695,-0.04220533992947428,0.031093905808977935,0.032
2017-12,2016-12,0.0012197116221545144,44,-0.004120458274422032,0.009908230009475584,0.0106,-0.0132,0.0005,0.0009,0.0003197116221545144,-0.005020458274422032,0.009008230009475584,0.0115
2018-01,2017-12,0.04717242303384653,47,0.09383903121797568,0.03338873277571027,0.0558,-0.0316,-0.0132,0.0011,0.04607242303384653,0.09273903121797568,0.032288732775710274,0.0569
2018-02,2017-12,-0.022883421022539423,47,-0.14154439974502084,-0.04570094619881962,-0.0364,0.0027,-0.011000000000000001,0.0011,-0.023983421022539423,-0.14264439974502083,-0.04680094619881962,-0.035300000000000005
2018-03,2017-12,0.015322774320552773,47,0.01568136760649628,-0.0010860748647472072,-0.0235,0.0405,-0.0021,0.0012,0.014122774320552773,0.014481367606496279,-0.002286074864747207,-0.0223
2018-04,2017-12,0.018577596933501635,47,0.05568108392623419,0.010711450892674078,0.0027,0.0109,0.0053,0.0014000000000000002,0.017177596933501633,0.054281083926234194,0.009311450892674078,0.0041
2018-05,2017-12,0.06989155738248681,47,-0.025688623312224535,0.0492948963994857,0.026600000000000002,0.0524,-0.031400000000000004,0.0014000000000000002,0.06849155738248681,-0.027088623312224537,0.0478948963994857,0.028000000000000004
2018-06,2017-12,-0.0010244376881045141,46,0.007467216041007344,0.004582332149776012,0.0049,0.0111,-0.0233,0.0014000000000000002,-0.002424437688104514,0.006067216041007344,0.0031823321497760114,0.0063
2018-07,2017-12,-0.00205377780094763,46,-0.043319904578108755,0.008595640300394735,0.032,-0.0222,0.004699999999999999,0.0016,-0.00365377780094763,-0.04491990457810875,0.006995640300394735,0.0336
2018-08,2017-12,0.05595403960649585,46,-0.010009249382215682,0.031248984570117568,0.0345,0.011699999999999999,-0.0393,0.0016,0.05435403960649585,-0.011609249382215683,0.029648984570117567,0.0361
2018-09,2017-12,-0.02139888582552873,45,0.03550936925037726,-0.014872062592881463,0.0006,-0.0229,-0.0168,0.0015,-0.022898885825528733,0.03400936925037726,-0.016372062592881462,0.0021
2018-10,2017-12,-0.0894593949671182,44,-0.1541721032914269,-0.10283605918281247,-0.0765,-0.0467,0.034300000000000004,0.0019,-0.0913593949671182,-0.1560721032914269,-0.10473605918281247,-0.0746
2018-11,2017-12,0.016580211973654526,44,-0.09592359281229407,-0.0017756536568636076,0.0171,-0.0072,0.0034000000000000002,0.0018,0.014780211973654526,-0.09772359281229406,-0.0035756536568636076,0.0189
2018-12,2017-12,-0.1097929233693328,44,-0.23442260401832582,-0.1312460077853624,-0.0955,-0.0233,-0.018799999999999997,0.0019,-0.1116929233693328,-0.23632260401832583,-0.13314600778536242,-0.0936
2019-01,2018-12,0.0857225130528731,45,0.3757983857573205,0.14384735174079288,0.0837,0.0273,-0.004,0.0021,0.08362251305287309,0.3736983857573205,0.1417473517407929,0.0858
2019-02,2018-12,0.01663841931837446,43,0.07085669647172262,0.050250989897881376,0.0342,0.020499999999999997,-0.026600000000000002,0.0018,0.01483841931837446,0.06905669647172262,0.04845098989788137,0.036000000000000004
2019-03,2018-12,-0.016601304311641935,43,0.032437423698621716,-0.015860131848725475,0.011000000000000001,-0.030600000000000002,-0.0416,0.0019,-0.018501304311641934,0.030537423698621717,-0.017760131848725474,0.012900000000000002
2019-04,2018-12,0.026756160544516003,43,0.0049632156596510005,0.026511726928191287,0.0397,-0.0169,0.0213,0.0021,0.024656160544516,0.0028632156596510006,0.024411726928191286,0.0418
2019-05,2018-12,-0.03210663278454354,43,-0.11784087444069787,-0.0924549966834544,-0.0692,-0.012199999999999999,-0.0236,0.0021,-0.034206632784543535,-0.11994087444069787,-0.0945549966834544,-0.06709999999999999
2019-06,2018-12,0.04496191544179133,43,-0.027996252423617442,0.061550672800263266,0.0699,0.001,-0.0072,0.0018,0.04316191544179133,-0.029796252423617442,0.05975067280026326,0.0717
2019-07,2018-12,0.02975533888693811,43,-0.0917664788821446,-0.005992639006981229,0.0123,-0.0196,0.005,0.0019,0.02785533888693811,-0.0936664788821446,-0.00789263900698123,0.0142
2019-08,2018-12,-0.05858026782423451,43,-0.05239382254965673,-0.051522682722217966,-0.0255,-0.0239,-0.04769999999999999,0.0016,-0.06018026782423451,-0.05399382254965673,-0.05312268272221796,-0.023899999999999998
2019-09,2018-12,0.010088095147447018,43,-0.040528873313671464,0.030691913760138637,0.0141,-0.0097,0.0676,0.0018,0.008288095147447019,-0.04232887331367147,0.028891913760138638,0.0159
2019-10,2018-12,0.03406582932589463,43,-0.13961827695367796,0.006253696419254435,0.0207,0.0027,-0.0192,0.0015,0.03256582932589463,-0.14111827695367796,0.004753696419254435,0.0222
2019-11,2018-12,0.05229188192018927,43,-0.028792419472726243,0.038277658864452405,0.0387,0.0072,-0.02,0.0012,0.05109188192018927,-0.029992419472726243,0.037077658864452405,0.0399
2019-12,2018-12,0.016654907359125067,43,0.010111271471852193,0.05004416181366949,0.0277,0.0076,0.0173,0.0014000000000000002,0.015254907359125066,0.008711271471852192,0.04864416181366949,0.0291
2020-01,2019-12,0.04589362178647229,47,0.02734375668906677,-0.025783342518261854,-0.0011,-0.031,-0.0622,0.0013,0.04459362178647229,0.02604375668906677,-0.027083342518261853,0.00019999999999999987
2020-02,2019-12,-0.06812892726996171,46,0.0002488266503168912,-0.08753692476483144,-0.0815,0.0108,-0.0382,0.0012,-0.06932892726996172,-0.0009511733496831087,-0.08873692476483144,-0.0803
2020-03,2019-12,-0.12357775880171647,46,-0.2202280116588766,-0.23040332543880593,-0.13369999999999999,-0.046900000000000004,-0.1383,0.0012,-0.12477775880171647,-0.2214280116588766,-0.23160332543880593,-0.13249999999999998
2020-04,2019-12,0.12268598132177509,46,0.2508195262332639,0.21402288646498305,0.136,0.025,-0.0134,0.0,0.12268598132177509,0.2508195262332639,0.21402288646498305,0.136
2020-05,2019-12,0.13424086703632557,46,0.1903974991719499,0.08079974029955345,0.0557,0.024,-0.05,0.0001,0.13414086703632558,0.1902974991719499,0.08069974029955344,0.0558
2020-06,2019-12,0.010555063505263185,46,0.06886129779860772,0.05722108393059666,0.0245,0.026699999999999998,-0.0217,0.0001,0.010455063505263186,0.06876129779860772,0.05712108393059666,0.0246
2020-07,2019-12,0.021842799981349352,46,0.20583044888490792,0.05439692429031023,0.0583,-0.0235,-0.0144,0.0001,0.021742799981349353,0.20573044888490793,0.05429692429031023,0.0584
2020-08,2019-12,0.05998981358276836,46,-0.15531634525349458,0.043447026931325364,0.0762,-0.002,-0.0302,0.0001,0.059889813582768354,-0.15541634525349457,0.04334702693132536,0.0763
2020-09,2019-12,-0.01778130165260086,46,-0.010689536336372865,-0.036707975944190376,-0.0364,0.0006,-0.027200000000000002,0.0001,-0.01788130165260086,-0.010789536336372864,-0.03680797594419038,-0.0363
2020-10,2019-12,-0.005693902903196485,46,-0.06378658374353516,0.009205128360456382,-0.0208,0.0434,0.0425,0.0001,-0.0057939029031964856,-0.06388658374353516,0.009105128360456382,-0.0207
2020-11,2019-12,0.12313140250553703,46,0.28004451961216936,0.2036303711215126,0.1245,0.0581,0.0209,0.0001,0.12303140250553703,0.2799445196121694,0.20353037112151262,0.1246
2020-12,2019-12,0.07216276455439863,46,0.09447973695705804,0.08867065812018828,0.0463,0.0501,-0.0168,0.0001,0.07206276455439863,0.09437973695705804,0.08857065812018827,0.046400000000000004
