Date,MNST,UGI,CHD,WEC,UNH,NEE,ANSS,MO,MKC,ROL,EXPO,BLL,SHW,AAPL,ORLY,AZO,ROST,GILD,TJX,CNI
2019-01-31,0.1629418935,0.068978013,-0.0174875957,0.0544325903,0.0846181478,0.0296857623,0.1497835449,-0.000809323,-0.1120369973,0.0315791712,-0.0147904535,0.1370166063,0.0713161348,0.0551531599,0.00095809,0.0107360103,0.1072117469,0.1192645477,0.111531497,0.1269740211
2019-02-28,0.1151292802,-0.0373475224,0.0219384923,0.0525816381,-0.1035533123,0.0558153127,0.0785514537,0.0620070466,0.0998059209,0.0678000338,0.1335076931,0.0497322513,0.0303899065,0.0447018401,0.0792077312,0.1081379695,0.0294183314,-0.0712759267,0.0352919935,0.0282567317
2019-03-29,-0.1449161836,0.0142065021,0.0825239554,0.036706262,0.0245230643,0.0298322723,0.030746448,0.1110476157,0.107736989,0.0494193678,0.0220738027,0.0562251301,-0.0057480331,0.0970258261,0.0439291151,0.0906850537,-0.0155548694,0.0095368981,0.0374342043,0.0465912947
2019-04-30,0.0919750824,-0.0164188209,0.0522241052,-0.008219701,-0.0573888755,0.0057923276,0.071643745,-0.0539799506,0.0259585892,-0.0708791189,-0.019059351,0.0359485718,0.0560009261,0.0564345187,-0.0250579126,0.0040910341,0.0489810271,0.0004598148,0.0313841381,0.0368794015
2019-05-31,0.0379177852,-0.0532011788,-0.0041680292,0.0345533182,0.0374570401,0.0258191675,-0.0832478718,-0.0969991221,0.0134432408,-0.025728336,-0.0100660591,0.0266934267,-0.0753029325,-0.1237347916,-0.0190191787,-0.0011670636,-0.0478195644,-0.0428963256,-0.0794465744,-0.0451603355
2019-06-28,0.0318461556,0.0406896623,-0.0181429848,0.0350089593,0.0136059404,0.0335486694,0.1410587316,-0.0185501026,-0.0066002654,-0.0452483907,0.0472777758,0.1400876207,0.0925970461,0.1305191069,-0.005519826,0.0704499978,0.0686634142,0.0954225867,0.0515013601,0.0484394428
2019-07-31,0.0100282156,-0.0434375544,0.0325752054,0.025068713,0.0204911852,0.0112769145,-0.0082999829,-0.0059127388,0.0264494905,-0.0652364534,0.1752661284,0.021289638,0.1194659483,0.0763952162,0.0309758056,0.021438026,0.0697126554,-0.0301958061,0.0317711194,0.0230323778
2019-08-30,-0.0899643245,-0.0410066568,0.0605457389,0.1275446214,-0.0602791131,0.0635235524,0.0169363188,-0.0707457576,0.0273117501,-0.0183421067,0.0303784068,0.1270285268,0.0289259926,-0.0165708359,0.0078792312,-0.0190110337,-0.0001891479,-0.0302205992,0.0117299714,-0.0261078734
2019-09-30,-0.0103971365,0.0328754591,-0.0569072585,-0.0069957786,-0.0666671923,0.0634918254,0.0716499532,-0.0457250502,-0.0403388372,0.0383994508,-0.0117083921,-0.0945161777,0.043892102,0.0729619808,0.0384348993,-0.0154939624,0.0386286373,0.0073975692,0.0140080874,-0.0203328492
2019-10-31,-0.0332414743,-0.0517211844,-0.0704406844,-0.0073615375,0.1628011651,0.0229617604,-0.0054662138,0.0951090194,0.0317343299,0.1185817542,-0.0911294421,-0.0390048688,0.0408278605,0.1106849196,0.0928460085,0.0550980313,-0.0016393278,0.0052072709,0.0342652716,-0.0054523342
2019-11-29,0.0657402459,-0.0864285651,0.0075408432,-0.054660692,0.1075191129,-0.0137200875,0.15689317,0.1096250139,0.0532701057,-0.0552358436,0.0003138462,-0.0537377073,0.0208620502,0.0774242244,0.0155449754,0.0293079734,0.0590861166,0.0554077173,0.0643532428,0.0192461826
2019-12-31,0.0623537279,0.0444329768,0.0014248462,0.0403836592,0.0542750756,0.0356684226,0.0106800508,0.0211253953,0.0064989583,-0.0750355078,0.0884338574,-0.0210414881,0.0007029681,0.0987832515,-0.0090890283,0.0113680297,0.0045196537,-0.0242415527,-0.0011445781,-0.0025489313
2020-01-31,0.0479937057,-0.0790523599,0.0551604879,0.0830539137,-0.0732362008,0.1075324325,0.0657317376,-0.0476857641,-0.0374704069,0.1444540415,0.0544862603,0.1161291931,-0.0454980023,0.0540104182,-0.0733809975,-0.1119360401,-0.0363340854,-0.0273925859,-0.0330811938,0.0330563527
2020-02-28,-0.0629129129,-0.1334464838,-0.0600920865,-0.0693514329,-0.0641949392,-0.0523493858,-0.1171578454,-0.150642333,-0.1051609547,-0.0102784855,0.0120917441,-0.0217521807,-0.0698398619,-0.1143110052,-0.0920459118,-0.0240559712,-0.0303951939,0.0974682147,0.0167681449,-0.0912893741
2020-03-31,-0.0985419003,-0.250970635,-0.0768110455,-0.0454884044,-0.0176498841,-0.0480290737,-0.0401341922,-0.0213009354,-0.0340647829,-0.0347223343,-0.02104416,-0.0823159202,-0.1107500056,-0.06975974,-0.1835269894,-0.1806370414,-0.1978755763,0.0876577377,-0.2005030092,-0.0807020322
2020-04-30,0.098649129,0.1316096438,0.0905256939,0.0274597211,0.1727888877,-0.0394807712,0.1262963506,0.0149967195,0.115077769,0.1068063834,-0.0219727123,0.0143833539,0.1672399521,0.1553730647,0.28330795,0.2060520445,0.050477118,0.1235956297,0.0259359967,0.0674996346
2020-05-29,0.1634039799,0.0550010922,0.0760113425,0.020016205,0.0423290693,0.105744621,0.0808539892,-0.0050952508,0.1168062431,0.0470016881,0.0555952533,0.0887328219,0.1096629839,0.0849559704,0.0799810012,0.1250000368,0.0612959049,-0.0734521143,0.075637105,0.0382528625
2020-06-30,-0.0360172438,0.009110615,0.0297061258,-0.0444780548,-0.0283751785,-0.0547424949,0.0308477032,0.0266331795,0.0242643471,0.0141138704,0.092672253,-0.0248379597,-0.0269430779,0.1473863453,0.010616901,-0.0171969893,-0.1208754941,-0.0026986117,-0.0416982563,0.0343837281
2020-07-31,0.1321422389,0.048428052,0.2461838365,0.086823204,0.0265471157,0.168755182,0.0646831196,0.0484090559,0.0897941073,0.2361412444,0.0386755079,0.0595762746,0.1212600761,0.1651321746,0.1321179443,0.0702939639,0.0519709057,-0.0963084742,0.0282832278,0.1040981526
2020-08-31,0.0685511359,0.0356929889,-0.0026986047,-0.0057469552,0.0322679191,-0.0004619084,0.0914681557,0.062938943,0.0579773344,0.0538165622,-0.0428867005,0.0935754761,0.0377669247,0.2163083402,-0.0246139138,-0.0092010381,0.0157243225,-0.0399831755,0.0538565109,0.0694348789
2020-09-30,-0.0436441689,-0.0353339258,-0.0221233521,0.0299740844,0.0015038869,-0.0057671655,-0.0347482478,-0.0969371442,-0.0586806977,-0.0172284337,-0.1023549379,0.0342178788,0.0382830656,-0.1025260445,-0.0097719177,-0.0156060067,0.0245937637,-0.0431451008,0.0156962949,0.0221756895
2020-10-30,-0.0452618454,-0.0194052327,-0.0567710028,0.0376682835,-0.0212658295,0.0550508532,-0.0698588362,-0.0662525333,-0.0668212711,0.0675408743,-0.0338753142,0.0707407122,-0.012572941,-0.0600116944,-0.053093161,-0.0413199631,-0.0873339048,-0.0797601703,-0.0871518419,-0.0658458648
2020-11-30,0.1072221497,0.0970921667,-0.0042984087,-0.0494030111,0.1022478739,0.0099706986,0.1106879784,0.1039370435,0.035843625,-0.0079530313,0.1928448204,0.0804490599,0.0886508495,0.0954903159,0.013376091,0.0076800366,0.2624163438,0.0433357516,0.2501968504,0.0764208188
2020-12-31,0.0908233074,-0.0053544705,-0.0061524439,-0.0307530279,0.0463521344,0.0483761381,0.0761400118,0.0509667613,0.0262058187,0.0249213012,0.0868567952,-0.0294760962,-0.017013895,0.1145737085,0.0228959911,0.0420079258,0.1422061012,-0.0285142571,0.075263738,0.0303515201
