date,88031,17929,23393,23536,92655,24205,83621,13901,52090,36003,76261,57568,36468,14593,79103,76605,91556,77274,40539,84181
2018-12-31,0.010969638917343798,0.011353576035010304,0.011129467943702705,0.011132942487753986,0.010669090856908026,0.01115031520801039,0.01121806881701036,0.010722946289702875,0.011252814257523166,0.011628065015061471,0.012072806653625388,0.010959215285189956,0.010816758979087451,0.010648243592600342,0.010856716235677178,0.010804598074907969,0.010828919883266933,0.010729895377805436,0.010783750810600286,0.011289296970061613
2019-01-31,0.010918245264170788,0.011449460639410838,0.011048871995787192,0.01116382351960963,0.01066221687020263,0.011172531968384058,0.011297933630735807,0.010710984183339423,0.011176015347893828,0.01154002850666488,0.012116527815531951,0.0110122965109346,0.010770201635005527,0.010646541662408663,0.010876444710053538,0.010834644155936287,0.010878186399808422,0.010737109529662704,0.010810260499367891,0.011257874766373443
2019-02-28,0.010903430904310514,0.011387417384979155,0.011050199367762376,0.011058935585824988,0.010660564042169935,0.011226670972627115,0.011314033153253224,0.010723464812220732,0.01124589065236486,0.011556900015393804,0.01211776521501342,0.011048452124149854,0.01086673878844755,0.01065706955494489,0.010803838018396753,0.01078636558227153,0.010952353725461135,0.010733948273895864,0.010772387633371353,0.011272099306552692
2019-03-29,0.01079747993088486,0.01144644334589181,0.011162302607429307,0.011002692686441112,0.010655409561653607,0.011190365890240419,0.011211413352348753,0.010708028216924442,0.011255262231741114,0.011663933787677924,0.012088390940195985,0.011046541565833474,0.010832559034398748,0.010650147696126525,0.010886931644845277,0.010790464110182082,0.010853606496507082,0.010736091499735553,0.010786956199830692,0.011276309693849448
2019-04-30,0.010801745820579056,0.011177020039668834,0.01119287669681347,0.011078356395213304,0.01064494109992652,0.011219304458721203,0.011339110312702915,0.010752413998351293,0.011275683684124361,0.011654481604801835,0.011953996239756117,0.0111541159793488,0.010833459134868334,0.010657274055483461,0.010817602477723695,0.0108105550745483,0.010916266122179222,0.010750652147557443,0.010829935433280636,0.011131211919028767
2019-05-31,0.010875073185627694,0.01133345600085289,0.011161783672370865,0.011101609866511188,0.01065561577602181,0.01118125166838429,0.01123434620296636,0.010783042659018775,0.011351154179046911,0.011579460677749807,0.012039613310794405,0.010975952801333625,0.010867993914350085,0.010643227051285993,0.010823748468865028,0.010775963387741165,0.010839676829239649,0.010754725573908337,0.010772423752102361,0.011317527640478268
2019-06-28,0.010905336269516931,0.011431311939443965,0.011156812852445007,0.011034616484684182,0.010669798343253309,0.011208170746141586,0.01126661248724459,0.01077605605434968,0.01128963499131547,0.011549966383501578,0.012070629167873794,0.010938984544697447,0.010830955871749471,0.010652088724737246,0.010903565307665324,0.010815017215085015,0.010825642986194652,0.010740636817317555,0.010786681825459317,0.011330367113902413
2019-07-31,0.011027292448421828,0.011338417462877429,0.011180188169811438,0.011023736733970908,0.010657498145526027,0.011210411742644267,0.01124774674437894,0.010794393151886492,0.011373974607386641,0.011562427473285463,0.011939333205083105,0.011014847447843604,0.010790837437435571,0.010650386716624185,0.010829950296395705,0.010837061725297546,0.010865507440904915,0.01075528029292636,0.01081572743859202,0.011229968172124334
2019-08-30,0.010868202602965922,0.011052037672931251,0.011150202030679728,0.010941379669651152,0.01067901311348704,0.011103797061562268,0.0110770249639945,0.01072720288910902,0.011255505614446276,0.011612466915349827,0.011930162473153988,0.010971721380227954,0.010837860892389122,0.010643316983396687,0.01084678492491171,0.010786101503758106,0.010861063376947852,0.010761114212694857,0.01073612692163161,0.011301910583563737
2019-09-30,0.010964527219104635,0.011204944278642458,0.010932232390211495,0.010935820704532955,0.010659520501780529,0.011050646762819676,0.011113442263445227,0.010704374430798781,0.011396919094840571,0.011596070539681605,0.011675013454753726,0.010912496661443463,0.010849701160817913,0.010639784773012499,0.010880201832550323,0.010786905660192362,0.010871231046746673,0.010752816674138492,0.010797670603156742,0.01132156449408991
2019-10-31,0.011002591007880203,0.011428522499531454,0.011103659497424567,0.011058539636020832,0.010648851294474924,0.011116293058617612,0.011231799903811172,0.010740895811738541,0.011370769076934675,0.011599977972865645,0.011802114951954375,0.01100439580233635,0.010796844439879173,0.010639827322194177,0.010874450601493595,0.010883474573774343,0.010926789640721928,0.010762553345212334,0.010807673206616068,0.011195704014688185
2019-11-29,0.010930988914951582,0.011321596469168022,0.011072041642863075,0.01104491611826471,0.010656116932354829,0.011115442482220458,0.011059383064717172,0.010759193925828612,0.011374039150058192,0.011551259244100836,0.012032285213645157,0.011025024066892578,0.010795361291959764,0.010645266722515482,0.010949072598017157,0.010909288495272892,0.01087312112914174,0.010761002294135168,0.010777277608894187,0.011205860897548336
2019-12-31,0.010954602170428644,0.011316618052834033,0.01112014712167935,0.011080125265333026,0.010674449176004373,0.011107412894660065,0.010947325469274767,0.010756312063985491,0.011422130219565252,0.011651346305912384,0.011878743216971044,0.011054656811294455,0.010898207736486096,0.010641704020811925,0.010930952891678544,0.010796333920331816,0.01091458031408232,0.010725386084081513,0.010818164023793448,0.01130206465052628
2020-01-31,0.010960277272076062,0.01133891715298133,0.011051296474216751,0.011018529561446102,0.010656273136926159,0.011082243002944586,0.011064039162516448,0.010765496179494986,0.011304329856167868,0.011515494405134268,0.011979692336051784,0.010980301496547013,0.010798263092265635,0.010641710064583648,0.010865617301849744,0.010854694997592862,0.010900204598663206,0.010712705042253386,0.010851054229507235,0.011255179487011895
2020-02-28,0.010900739078931436,0.011382280349164975,0.011172518053419305,0.011075844995379995,0.010656320403888656,0.010997412136970745,0.010991940077081727,0.010769409641595017,0.011418760748425091,0.011717900022358048,0.011927662318103717,0.010971875857488664,0.010825954260448196,0.010641728244184608,0.010784001801299063,0.010849666519967273,0.010966403797599646,0.010647200304073626,0.01078947386118808,0.01132391171034879
2020-03-31,0.010908586380293295,0.011544615692223443,0.011089525753514802,0.010939656777715169,0.01065454018960855,0.010923207743785942,0.010990831549939434,0.010769683427113146,0.011259499104116825,0.011528166658294215,0.011723727395008371,0.011018246606488147,0.010811719847154507,0.010641746496552484,0.010857411608069028,0.010873860641998257,0.010826341210647154,0.010658195530481711,0.010766028086239984,0.011215635013638883
2020-04-30,0.010985403699709266,0.011481522449405701,0.011182013722737113,0.011060740250589094,0.010658332820279766,0.011035015574678909,0.011062577727439822,0.010807168445188696,0.011413535805928781,0.011611983305807354,0.011863717634357028,0.011091977357051462,0.010820030783143787,0.010641795528623217,0.010834730597949609,0.010853105366456884,0.010836568074800336,0.010645470482324672,0.010761231523920507,0.011235300551408211
2020-05-29,0.011010812849291549,0.011512625921188015,0.01112150690926871,0.011025572057288505,0.01065659185736463,0.0110347965622866,0.011049555770283555,0.010789424729337225,0.011357654237219988,0.011444364584202098,0.011809654982126733,0.01106615987928013,0.010842926858326187,0.010641832649367676,0.010876135076319335,0.010817098244331516,0.010863220769322,0.010676885768360444,0.010739612402347502,0.011311531712229504
2020-06-30,0.011099725094354395,0.011585378431243371,0.011210943415779351,0.011077481430069404,0.01067338819555873,0.011134944229472298,0.011068213236617325,0.010816118374720757,0.01141299003303469,0.011629865759813353,0.011765181384213716,0.011118261481258555,0.010830947484244085,0.010640022699131243,0.010905093031860722,0.010877288451504484,0.010843922955076996,0.010706753691986218,0.010786460155674102,0.011359234511012627
2020-07-31,0.010988822232202825,0.011615460627553456,0.01097576726563302,0.011093261964761264,0.01067363803930325,0.01107088202207017,0.011104451936106811,0.010845217599934972,0.011458801028715798,0.011548320799480174,0.011856045011482717,0.011020527151015208,0.010800457714552784,0.010641933120490868,0.010824702652468135,0.010893707475765676,0.010832162633365167,0.01073518288170376,0.010817242671571106,0.011186511725974155
2020-08-31,0.01097155668516431,0.011610128245446095,0.01105395301552325,0.011125113482651425,0.010670061021805462,0.011140094633625778,0.011050207727779662,0.010816127243805401,0.011471552598933331,0.011597019738343536,0.011907878621061355,0.011035226576805309,0.010836726326395135,0.010636353432113168,0.010866688628343842,0.010892905642548958,0.010846089545754105,0.010709386543113137,0.010731858269574667,0.011235599471087276
2020-09-30,0.010957686533469176,0.011613480509167207,0.011106132734271882,0.0110986164709401,0.010685221987692058,0.01103848636428584,0.011044123561784677,0.010782933411005231,0.011325983436726524,0.0115308016125176,0.011699917537482707,0.011076067680944752,0.010799845003501743,0.010632608144369579,0.010882523900151351,0.010843063517659492,0.010946412138471502,0.010726561436016862,0.010784812476838178,0.01133162063422536
2020-10-30,0.010937854247174552,0.011651979388921988,0.011032066007299543,0.011118740826614536,0.010675945554027075,0.010890748367112056,0.011047139888919543,0.010817263194214563,0.0115144302191395,0.011482398220697004,0.011834750203564472,0.011041487183312042,0.010779578490164567,0.01063449237957208,0.010896401072719556,0.010879442955897057,0.010983075892034549,0.010709861787672073,0.010821031664619563,0.011263826937207023
2020-11-30,0.010991600431985167,0.011651012581342223,0.011042615125488436,0.011135197347031403,0.010660949640760285,0.010753531862303252,0.011106855850640699,0.010842335217660792,0.011509305099388701,0.011567877525262824,0.011662349179898505,0.011008605329819591,0.010827219752919082,0.010634497577462293,0.010938696305389187,0.01087256614714421,0.0108574506824025,0.010772426193230388,0.01073652696446883,0.011318472357024625
