date,hold_until,phase,Q,Q_real,error,Omega,long,short,ic_20,sse_universe,sst_universe
2012-12-31,2013-01-31,history,0.005191329041813329,-0.03354350749742337,-0.03873483653923669,,MNST UGI CHD ROL EXPO,UNH NEE MO SHW AZO,0.12781954887218044,22.914674458050243,25.640456823446435
2013-01-31,2013-02-28,history,0.006972650034706478,-0.010542175778720119,-0.017514825813426595,,MNST ROL EXPO BLL AAPL,MO SHW AZO GILD TJX,0.13082706766917293,11.993163070546613,12.244687375321472
2013-02-28,2013-03-28,history,0.006384171649105029,-0.027267174298427115,-0.03365134594753214,,MNST ANSS ROL EXPO ROST,WEC SHW ORLY AZO GILD,-0.0706766917293233,15.441403924643973,16.85824726269722
2013-03-28,2013-04-30,history,0.0074879432977000265,-0.014789648902091822,-0.02227759219979185,,MNST CHD ROL EXPO ORLY,UNH MO SHW AZO GILD,-0.2541353383458646,13.247507537974359,12.694864703844702
2013-04-30,2013-05-31,history,0.008074416478655463,-0.033185787315964825,-0.04126020379462029,,MNST ANSS ROL EXPO BLL,UNH MO SHW AZO GILD,-0.1789473684210526,22.188768279513468,23.9791520813559
2013-05-31,2013-06-28,history,0.007865472989065684,0.04812175037233865,0.04025627738327297,,MNST CHD ANSS ROL EXPO,UNH SHW AZO GILD TJX,0.4781954887218045,10.969766086297572,10.692724550613793
2013-06-28,2013-07-31,history,0.006581863866547379,0.013192183211870014,0.006610319345322635,,ANSS ROL EXPO BLL AAPL,UNH NEE MO ORLY AZO,0.03909774436090225,32.38691758940799,35.37039813093159
2013-07-31,2013-08-30,history,0.00816788807936114,-0.01542980570160633,-0.02359769378096747,,MNST CHD ANSS ROL EXPO,UNH AAPL ORLY AZO GILD,-0.15488721804511277,15.21572912331995,14.091538479595435
2013-08-30,2013-09-30,history,0.00837373584642629,-0.006178681162483856,-0.014552417008910147,,MNST UGI CHD ROL EXPO,UNH MO SHW AAPL TJX,-0.025563909774436087,17.608655237586646,19.58631313244236
2013-09-30,2013-10-31,history,0.0075332501861106035,0.029272445677114046,0.021739195491003442,,MNST UGI MKC ROL EXPO,UNH MO SHW AZO TJX,0.20150375939849624,17.512972002127476,18.814488139188757
2013-10-31,2013-11-29,history,0.0070783716175041285,-0.016572187509270697,-0.023650559126774825,,MNST UGI ANSS ROL EXPO,MO SHW AZO GILD TJX,-0.2421052631578947,17.996551588604525,19.753138126161865
2013-11-29,2013-12-31,history,0.007760266490602536,0.02860930051353696,0.020849034022934424,,MNST UGI MKC ROL EXPO,UNH MO AZO GILD TJX,0.15488721804511277,16.75070864908256,17.66237482192652
2013-12-31,2014-01-31,history,0.00923014413230256,0.0014754322128319088,-0.007754711919470652,0.000753148105912723,UGI CHD MKC ROL EXPO,UNH MO ORLY AZO TJX,-0.13834586466165413,22.74084298496875,21.723064386319358
2014-01-31,2014-02-28,history,0.010595119513438236,-0.03307229122081381,-0.043667410734252045,0.000699839448300512,MNST ANSS ROL EXPO AAPL,WEC SHW ORLY AZO GILD,-0.23609022556390977,15.107722070353852,16.710785497628272
2014-02-28,2014-03-31,history,0.010504201108371034,0.013107605291275061,0.002603404182904027,0.0007860539705814662,MNST UGI NEE ROL EXPO,UNH SHW ORLY AZO TJX,0.21353383458646616,14.40079748840199,14.532044074665539
2014-03-31,2014-04-30,history,0.010080638409311947,-0.014209534749650789,-0.024290173158962737,0.0007341022200986726,MNST ANSS ROL EXPO GILD,WEC UNH NEE MO AZO,-0.18345864661654135,13.055728050484237,11.395125471131724
2014-04-30,2014-05-30,history,0.01014106805866091,-0.0020408794142938494,-0.01218194747295476,0.0007250966133482802,MNST ANSS ROL EXPO ROST,WEC MO SHW AZO GILD,-0.08571428571428572,10.79156141570887,10.571675495729838
2014-05-30,2014-06-30,history,0.008955952206441804,-0.0066325350685915805,-0.015588487275033385,0.0006911732739886067,MNST ANSS MKC ROL EXPO,UNH MO BLL SHW AZO,-0.10075187969924812,9.242022350022634,10.714704783072467
2014-06-30,2014-07-31,history,0.008600638898144808,-0.027328040950592606,-0.03592867984873741,0.0006662748107405661,MNST MKC ROL EXPO ROST,WEC NEE MO SHW CNI,-0.23308270676691725,15.14246636448814,12.894516211019457
2014-07-31,2014-08-29,history,0.011248833018256176,0.03412929618138061,0.022880463163124434,0.0006991482436317505,MNST CHD MKC ROL EXPO,UNH SHW AAPL ORLY GILD,-0.20751879699248119,11.00757981849264,12.513594656709781
2014-08-29,2014-09-30,history,0.00834335895658359,-0.033817701447384746,-0.04216106040396834,0.0006903666111781178,MNST ANSS MKC ROL EXPO,UNH MO SHW AAPL GILD,-0.22406015037593985,18.71687119141888,16.27772345717525
2014-09-30,2014-10-31,history,0.009382532420340949,0.029438357022360535,0.020055824602019587,0.000742137487521401,MNST ANSS MKC ROL EXPO,UNH MO SHW AAPL CNI,0.2556390977443609,19.07351772343824,20.66506120678295
2014-10-31,2014-11-28,history,0.008389155537336351,-0.0009583003264463922,-0.009347455863782744,0.0007266874244734725,MNST ANSS ROL EXPO ROST,UNH MO SHW AAPL AZO,0.08120300751879699,18.178975378504276,17.920767085478165
2014-11-28,2014-12-31,history,0.010581485135602805,-0.0035807805150892312,-0.014162265650692035,0.0006988912291105113,MNST WEC ROL EXPO GILD,UNH MO SHW AAPL AZO,-0.10676691729323308,11.57338821503073,12.183426820195226
2014-12-31,2015-01-30,history,0.002470238549355987,-0.07601260412143293,-0.07848284267078892,0.0006781278349126055,CHD MKC ROL EXPO BLL,UNH MO AAPL AZO GILD,-0.4451127819548871,19.436775767636792,17.597127897091763
2015-01-30,2015-02-27,history,0.0024002953038463055,0.014665366222081321,0.012265070918235015,0.0008722598779112063,CHD MKC ROL EXPO BLL,UNH MO SHW AAPL GILD,0.012030075187969924,17.774371718795685,20.004314115689517
2015-02-27,2015-03-31,history,0.002406178380571417,0.058262630790125926,0.05585645240955451,0.0008657458296343172,CHD ANSS MKC ROL EXPO,UNH MO AAPL ORLY GILD,0.35037593984962395,10.923770339850448,10.829949395618247
2015-03-31,2015-04-30,history,0.002352577014853717,0.008236787150837843,0.005884210135984126,0.0009485595876218314,UGI CHD MKC ROL EXPO,UNH MO AAPL AZO GILD,0.007518796992481202,12.907832965275766,12.33914438671531
2015-04-30,2015-05-29,history,0.0023395035110201317,-0.03661203103449839,-0.03895153454551852,0.0009293234549011727,CHD ANSS MKC ROL EXPO,UNH MO AAPL AZO GILD,-0.306766917293233,12.398569044046358,12.44404830859147
2015-05-29,2015-06-30,history,0.0023859144496293614,0.048761993530200866,0.0463760790805715,0.0009216075226627195,CHD ANSS MKC ROL EXPO,UNH MO AAPL AZO GILD,0.20150375939849624,11.756794455965638,11.43090744076783
2015-06-30,2015-07-31,history,0.0023337929780004357,0.004210948916550028,0.001877155938549592,0.0009436980577514032,UGI CHD MKC ROL EXPO,UNH MO AAPL AZO GILD,0.004511278195488721,20.6842183404274,19.444975655849372
2015-07-31,2015-08-31,history,0.0022479889841850328,0.02840168639434715,0.02615369741016212,0.0009420241991085068,UGI CHD MKC ROL EXPO,UNH MO SHW AAPL GILD,0.156390977443609,22.125027344942943,20.195961424576907
2015-08-31,2015-09-30,history,0.002227071378051296,0.04501999895616263,0.04279292757811133,0.0009473227297935905,UGI CHD MKC ROL EXPO,UNH MO SHW AAPL GILD,0.16240601503759397,22.034109525874783,20.068671382774205
2015-09-30,2015-10-30,history,0.002248642659376712,-0.035364986532309454,-0.03761362919168617,0.0010148003052062682,UGI CHD ROL EXPO BLL,UNH MO SHW AAPL GILD,-0.22556390977443608,21.81447808308623,24.022432917083187
2015-10-30,2015-11-30,history,0.0022617161632102977,0.005787627089912274,0.003525910926701976,0.0010540583252218348,UGI CHD ANSS ROL EXPO,UNH MO SHW AAPL GILD,0.21052631578947367,17.908490334864656,18.378933890989448
2015-11-30,2015-12-31,history,0.0022643308639770147,-0.0008040133448906406,-0.003068344208867655,0.00103127012109075,UGI MKC ROL EXPO BLL,UNH MO AAPL ROST GILD,0.10977443609022557,20.136707180182746,17.95260690161094
2015-12-31,2016-01-29,history,0.0018494290449610814,0.055270526154189106,0.05342109710922802,0.001013550642611359,UGI ANSS MKC ROL EXPO,UNH MO AAPL ORLY GILD,0.13834586466165413,28.152945892114577,25.284951254510048
2016-01-29,2016-02-29,history,0.001846605489167249,-0.030293230199856153,-0.0321398356890234,0.001129953895086342,UGI ANSS MKC ROL EXPO,UNH MO SHW AAPL GILD,-0.11127819548872178,24.637777801103482,25.0496030240528
2016-02-29,2016-03-31,history,0.0018567702900250495,-0.006084897039933645,-0.007941667329958694,0.0010935424899981567,UGI MKC ROL EXPO BLL,UNH AAPL ORLY AZO GILD,0.10977443609022557,43.59685464221677,46.66616400150254
2016-03-31,2016-04-29,history,0.0018341818436743806,0.013458091872643156,0.011623910028968775,0.0010958880052748304,UGI CHD MKC ROL EXPO,UNH MO SHW AAPL GILD,0.22105263157894736,22.013334387513616,23.01926573740493
2016-04-29,2016-05-31,history,0.0018765351805818864,0.030618185461674587,0.0287416502810927,0.0010769339541193792,UGI CHD ANSS ROL EXPO,UNH MO SHW AAPL GILD,0.31127819548872177,17.48361677228052,17.472397920551078
2016-05-31,2016-06-30,history,0.0018042521522597425,0.037027700274461055,0.03522344812220131,0.0011051707298129958,NEE MKC ROL EXPO BLL,UNH MO AAPL AZO GILD,0.31127819548872177,19.197375435915617,19.042239419317696
2016-06-30,2016-07-29,history,0.0018471702003260157,-0.06273923961675003,-0.06458640981707604,0.001146741161566893,UGI CHD MKC ROL EXPO,UNH MO AAPL AZO GILD,-0.4827067669172932,19.79712683161268,21.718054726109905
2016-07-29,2016-08-31,history,0.0018155463754350781,0.02861785925375866,0.026802312878323582,0.0012667634239579859,UGI CHD MKC ROL EXPO,UNH MO SHW AAPL GILD,0.312781954887218,41.64283286070784,42.38153820345916
2016-08-31,2016-09-30,history,0.0018386995329445139,-0.025967886139133527,-0.02780658567207804,0.001274882106502505,UGI CHD MKC ROL EXPO,UNH MO AAPL ROST GILD,-0.33233082706766914,12.282481441678339,12.424103917292172
2016-09-30,2016-10-31,history,0.0017929579290844083,0.03822493917652194,0.03643198124743753,0.0012330342395171525,UGI ANSS MKC ROL EXPO,UNH MO AAPL AZO GILD,0.31879699248120297,15.215792091465275,13.55941450365771
2016-10-31,2016-11-30,history,0.0017500398810181353,-0.02231782807881391,-0.024067867959832047,0.0012715781210649304,UGI ANSS MKC ROL EXPO,UNH MO SHW AAPL GILD,-0.2300751879699248,40.773485114489084,44.66051472069939
2016-11-30,2016-12-30,history,0.0018963000711387224,0.0007471911415715136,-0.0011491089295672086,0.0012920734267735364,UGI MKC ROL EXPO BLL,UNH MO SHW AAPL GILD,0.02857142857142857,19.494620392305507,20.503226157530534
2016-12-30,2017-01-31,history,0.007969515217450297,0.003639735318719972,-0.004329779898730325,0.0012837713718973382,MNST ANSS ROL EXPO BLL,UNH MO AAPL ORLY AZO,-0.12030075187969923,13.489953045786422,13.534794644739724
2017-01-31,2017-02-28,history,0.008253079889404326,-0.028606955615790457,-0.03686003550519478,0.0010279043052424898,MNST UGI EXPO ORLY AZO,UNH MO SHW AAPL GILD,-0.25112781954887214,15.7893650500718,15.976293392287085
2017-02-28,2017-03-31,history,0.008590163597967142,0.04593180068410088,0.037341637086133736,0.00107824723244311,MNST ROL EXPO BLL CNI,CHD UNH MO AAPL TJX,0.47368421052631576,13.095112787429374,12.810546364087152
2017-03-31,2017-04-28,history,0.0064630906730741835,0.018807281821879896,0.012344191148805712,0.0010063495067969305,ANSS MKC ROL EXPO ROST,MNST WEC UNH AAPL CNI,0.3609022556390977,10.56604868325136,10.582884787147215
2017-04-28,2017-05-31,history,0.006784416991318519,-0.03716548777587434,-0.04394990476719286,0.0010112559703883402,EXPO ORLY AZO ROST CNI,UNH MO SHW AAPL GILD,-0.08120300751879699,18.912093172731215,17.626022671435877
2017-05-31,2017-06-30,history,0.008249133798820425,-0.015907167220349572,-0.024156301019169997,0.0010285214739547818,MKC EXPO SHW AZO TJX,MNST WEC UNH MO AAPL,-0.27518796992481204,13.915127414774352,15.04113778341472
2017-06-30,2017-07-31,history,0.01004283973324381,0.02190896723573788,0.011866127502494068,0.0009632208976231707,MKC ROL EXPO ORLY ROST,UNH MO BLL GILD CNI,0.07969924812030074,10.669393666737669,10.395679772872143
2017-07-31,2017-08-31,history,0.0073610977712701775,-0.05750655454201979,-0.06486765231328998,0.0009689409504351629,EXPO SHW ORLY AZO ROST,MNST UNH NEE AAPL GILD,-0.38345864661654133,18.698136859664785,17.523684820329297
2017-08-31,2017-09-29,history,0.008842653055431514,0.028274940971612365,0.019432287916180853,0.0011157658016191444,UGI CHD ANSS ROL EXPO,MNST WEC UNH AAPL GILD,0.23759398496240602,17.849646050522786,20.802682137612166
2017-09-29,2017-10-31,history,0.0068531491801260835,-0.004153114731499441,-0.011006263911625524,0.0010551982667421388,UGI CHD ANSS ROL EXPO,UNH MO ORLY AZO ROST,0.09774436090225563,14.851042908593694,14.985394146039887
2017-10-31,2017-11-30,history,0.011212889885164069,0.0005760353966298075,-0.010636854488534261,0.001001296297755584,CHD MKC ROL EXPO TJX,MNST WEC UNH SHW AAPL,0.26165413533834586,23.44161919933237,24.682438913921388
2017-11-30,2017-12-29,history,0.008027771119282373,-0.009913430394699873,-0.017941201513982246,0.0010054925738200513,UGI MKC ROL EXPO BLL,MNST WEC UNH GILD TJX,-0.14736842105263157,16.80347082103892,16.569834246921587
2017-12-29,2018-01-31,history,-1.4716303558905783e-19,-0.07085790542172099,-0.07085790542172099,0.0010185122394692691,UGI CHD WEC MO AAPL,MNST UNH ANSS ROST CNI,,14.865338111952376,15.802741906521561
2018-01-31,2018-02-28,history,-1.4716303558905783e-19,0.013810545398104205,0.013810545398104205,0.0011088051204859353,UGI CHD WEC MO AAPL,MNST UNH ANSS ROST CNI,,18.38715351019295,16.274293669549127
2018-02-28,2018-03-29,history,-1.4716303558905783e-19,0.05333455208209362,0.05333455208209362,0.0010737118757390882,UGI CHD WEC MO AAPL,MNST UNH ANSS ROST CNI,,18.658529884789267,18.76286988871946
2018-03-29,2018-04-30,history,-1.4716303558905783e-19,-0.054802926283580494,-0.054802926283580494,0.0011896078909814976,UGI CHD WEC MO AAPL,MNST UNH ANSS ROST CNI,,14.988799295168317,14.98948477544482
2018-04-30,2018-05-31,history,-1.4716303558905783e-19,0.0337638089739937,0.0337638089739937,0.0013091181178515807,UGI CHD WEC MO AAPL,MNST UNH ANSS ROST CNI,,24.395870778835853,25.676734801058778
2018-05-31,2018-06-29,history,-1.4716303558905783e-19,-0.011081922789681743,-0.011081922789681743,0.0013221977984995683,UGI CHD WEC MO AAPL,MNST UNH ANSS ROST CNI,,30.81586908488483,30.965769739133954
2018-06-29,2018-07-31,history,-1.4716303558905783e-19,-0.002268671637043052,-0.002268671637043052,0.001275619369962029,UGI CHD WEC MO AAPL,MNST UNH ANSS ROST CNI,,12.959906351653641,13.578569237084672
2018-07-31,2018-08-31,history,-1.4716303558905783e-19,-0.0023344899389795945,-0.0023344899389795945,0.0011020253090427553,UGI CHD WEC MO AAPL,MNST UNH ANSS ROST CNI,,22.05721462017122,22.83701882614981
2018-08-31,2018-09-28,history,-1.4716303558905783e-19,0.019650815341781265,0.019650815341781265,0.001072320553528074,UGI CHD WEC MO AAPL,MNST UNH ANSS ROST CNI,,11.813271840787596,10.760681879458586
2018-09-28,2018-10-31,history,-1.4716303558905783e-19,0.07754162507476688,0.07754162507476688,0.0010561934008971644,UGI CHD WEC MO AAPL,MNST UNH ANSS ROST CNI,,30.477942409068227,26.6936454555135
2018-10-31,2018-11-30,history,-1.4716303558905783e-19,-0.050027527681326935,-0.050027527681326935,0.0012514189992980842,UGI CHD WEC MO AAPL,MNST UNH ANSS ROST CNI,,22.151189594556776,22.23065435006527
2018-11-30,2018-12-31,history,-1.4716303558905783e-19,0.053731335031859895,0.053731335031859895,0.001331564468372002,UGI CHD WEC MO AAPL,MNST UNH ANSS ROST CNI,,42.29393045022758,37.34871455098972
2018-12-31,2019-01-31,eval,0.0008085264007329949,-0.053810854968386064,-0.054619381369119056,0.001451803464745917,UGI MKC ROL EXPO CNI,UNH MO AAPL GILD TJX,-0.1533834586466165,65.24332380873099,69.48202410017458
2019-01-31,2019-02-28,eval,0.0008269542956195944,0.06169976716375274,0.06087281286813315,0.0015753255408781596,UGI ANSS ROL EXPO CNI,UNH MO SHW AAPL GILD,0.3203007518796992,21.511501606066066,23.138358972873625
2019-02-28,2019-03-29,eval,0.0008201561517179029,-0.02330603863666392,-0.024126194788381825,0.0016731104212545985,UGI ANSS ROL EXPO CNI,UNH MO AAPL GILD TJX,-0.12330827067669171,17.62410848570017,16.509610176936775
2019-03-29,2019-04-30,eval,0.0008387413650170931,-0.0040857891071911295,-0.004924530472208223,0.0016392635635335327,UGI MKC ROL EXPO CNI,UNH MO AAPL GILD TJX,-0.10526315789473684,16.198644553476548,17.140900376353898
2019-04-30,2019-05-31,eval,0.0007671098356417316,0.021695111057372058,0.020928001221730327,0.00163392489458576,NEE ANSS MKC ROL EXPO,MNST UNH MO AAPL GILD,0.07218045112781954,54.22455081839698,51.168843172485424
2019-05-31,2019-06-28,eval,0.0008038512535725236,-0.05538815343919409,-0.05619200469276662,0.0015716910240062363,UGI MKC ROL EXPO CNI,UNH AAPL AZO GILD TJX,-0.27518796992481204,23.955776425949374,26.219347026943854
2019-06-28,2019-07-31,eval,0.0008093295661840221,0.004705002614692667,0.003895673048508645,0.0016789416286922007,UGI MKC ROL EXPO CNI,UNH MO AAPL GILD TJX,-0.13684210526315788,17.15114562019579,17.15722190143874
2019-07-31,2019-08-30,eval,0.0007627007497225888,0.03283360506765849,0.032070904317935904,0.0016737070989670106,UGI ANSS MKC ROL EXPO,UNH MO SHW AAPL GILD,0.26315789473684204,30.21510476118883,28.29380716901131
2019-08-30,2019-09-30,eval,0.0007406946993748686,-0.014572656191266955,-0.015313350890641824,0.001541237540097524,CHD MKC ROL EXPO CNI,UNH MO AAPL GILD TJX,-0.08571428571428572,20.469515759221135,21.826095463743954
2019-09-30,2019-10-31,eval,0.0007302219644171212,-0.08537745661727189,-0.08610767858168901,0.0015352744110076312,UGI MKC ROL EXPO CNI,UNH MO AAPL AZO GILD,-0.5263157894736841,15.764663498234277,15.818366138370447
2019-10-31,2019-11-29,eval,0.0007688424383196343,-0.060405081115180496,-0.06117392355350013,0.0018391658470674275,UGI ANSS MKC ROL EXPO,UNH MO SHW AAPL GILD,-0.5969924812030075,23.895491664730876,24.740126672635288
2019-11-29,2019-12-31,eval,0.0007772366981584538,-0.01740324762808063,-0.018180484326239085,0.0019903786074640622,UGI MKC ROL EXPO CNI,UNH MO AAPL GILD TJX,-0.09323308270676692,26.81322259366641,27.897574820564532
2019-12-31,2020-01-31,eval,0.0007953434361187753,0.06434281208548327,0.0635474686493645,0.001990738744904533,UGI MKC ROL EXPO CNI,UNH MO AAPL AZO GILD,0.4090225563909774,37.027984612090194,35.78703695087323
2020-01-31,2020-02-28,eval,0.0007638331443646661,-0.005312725872383343,-0.00607655901674801,0.0019497986620290498,UGI MKC ROL EXPO CNI,UNH MO SHW AAPL GILD,0.02857142857142857,38.13552700074467,34.73224944125075
2020-02-28,2020-03-31,eval,0.0008543709506719303,-0.043384826638224426,-0.044239197588896356,0.0019433900539161718,UGI MKC ROL EXPO CNI,UNH MO AAPL ORLY GILD,0.024060150375939848,125.3242068716151,117.55217241763626
2020-03-31,2020-04-30,eval,0.0007562900266571724,-0.018733915920540235,-0.019490205947197407,0.0019064122271458324,UGI MKC ROL EXPO CNI,UNH MO AAPL GILD TJX,-0.29323308270676685,104.75627310524632,110.0927089768275
2020-04-30,2020-05-29,eval,0.000818412189314044,0.037656471939304575,0.036838059749990534,0.0017971000354216912,UGI MKC ROL EXPO CNI,UNH MO AAPL GILD TJX,0.04661654135338346,46.27359885332117,47.839219831556775
2020-05-29,2020-06-30,eval,0.000786296806037772,0.014659467060025258,0.013873170253987486,0.001806143695826339,UGI MKC ROL EXPO CNI,UNH MO AAPL GILD TJX,0.29473684210526313,58.63488245969443,60.05535041197219
2020-06-30,2020-07-31,eval,0.0008259814004493413,0.06901479289685168,0.06818881149640234,0.001809046022500491,UGI MKC ROL EXPO CNI,UNH MO AAPL GILD TJX,0.33684210526315783,36.70157358160404,37.63732897953818
2020-07-31,2020-08-31,eval,0.0007993369531169066,-0.025236291079660612,-0.02603562803277752,0.002002569653429456,UGI MKC ROL EXPO CNI,UNH SHW AAPL GILD TJX,0.013533834586466165,35.50592680561172,36.921342988673615
2020-08-31,2020-09-30,eval,0.000851678432891952,0.006797160392969961,0.005945481960078009,0.002030586490253871,UGI MKC ROL EXPO CNI,UNH MO AAPL GILD TJX,-0.07969924812030074,22.59844020807465,21.096778907212702
2020-09-30,2020-10-30,eval,0.0007779332548394975,0.03920705217443959,0.03842911891960009,0.0020159695824264055,UGI MKC ROL EXPO CNI,UNH MO AAPL GILD TJX,0.3278195488721804,20.07274182642764,20.664243761405416
2020-10-30,2020-11-30,eval,0.0008260487127759258,-0.007882686970416008,-0.008708735683191934,0.001826973480830616,UGI MKC ROL EXPO CNI,UNH MO SHW AAPL GILD,-0.11428571428571428,114.10286132777976,120.179432412826
2020-11-30,2020-12-31,eval,0.0008302169009383658,-0.018614099454135394,-0.019444316355073762,0.0017258521704678561,UGI MKC ROL EXPO CNI,UNH NEE AAPL GILD TJX,-0.24360902255639094,45.406055033826384,47.77247305824863
