order,PERMNO,TICKER,COMNAM
0,90248,DPZ,DOMINOS PIZZA INC
1,90454,MKTX,MARKETAXESS HLDGS INC
2,92614,AWK,AMERICAN WATER WORKS CO INC
3,38762,NI,NISOURCE INC
4,92655,UNH,UNITEDHEALTH GROUP INC
5,23660,CTAS,CINTAS CORP
6,76261,EXPO,EXPONENT INC
7,91152,TDG,TRANSDIGM GROUP INC
8,81294,WDFC,WD 40 CO
9,10696,FISV,FISERV INC
10,32678,HEI,HEICO CORP NEW
11,23229,CMS,C M S ENERGY CORP
12,24205,NEE,NEXTERA ENERGY INC
13,60580,TTC,TORO CO
14,88664,JKHY,HENRY JACK & ASSOC INC
15,79103,ORLY,O REILLY AUTOMOTIVE INC NEW
16,36003,ROL,ROLLINS INC
17,60687,AFG,AMERICAN FINANCIAL GROUP INC NEW
18,82515,POOL,POOL CORP
19,93002,AVGO,BROADCOM INC
