Asset,DPZ,MKTX,AWK,NI,UNH,CTAS,EXPO,TDG,WDFC,FISV,HEI,CMS,NEE,TTC,JKHY,ORLY,ROL,AFG,POOL,AVGO
DPZ,0.0540562914,0.0043325147,-0.0009045276,0.0041011843,0.0080491562,0.0058958411,-0.0010645889,0.0053105789,0.0082062085,0.0098024451,0.0165862085,0.0065261828,0.0062301663,0.0091190777,0.0128292808,0.0162218982,0.0157237833,0.0027254997,0.0135623749,-0.0000298555
MKTX,0.0043325147,0.0573493072,0.0006873442,0.0048578925,0.0041335398,0.0070381137,-0.0010003263,-0.0079674295,0.0019580087,0.0044881853,0.0041673111,0.0012416463,0.0001271192,0.0057190095,0.0043998103,-0.002310592,0.0037790225,-0.000154503,0.0064346915,0.006193167
AWK,-0.0009045276,0.0006873442,0.0253194962,0.0149880538,0.0092196177,-0.0003529904,0.0046007271,0.0063682141,0.0047514949,0.0035565606,0.0046097406,0.0183687005,0.0137868681,0.0037347552,0.0057498794,0.0064370552,0.0009764343,0.0036488144,0.006944453,-0.0006091774
NI,0.0041011843,0.0048578925,0.0149880538,0.0235872313,0.0074922212,0.0031250169,0.0041504905,0.0068010954,0.0087499281,0.0061887242,0.0004822757,0.0186868309,0.0155379782,0.002314134,0.0082033085,0.0043129047,0.003333424,0.0023574669,0.0032069925,0.0080494392
UNH,0.0080491562,0.0041335398,0.0092196177,0.0074922212,0.0286479076,0.0120654486,0.010911174,0.0116821628,0.0094832761,0.0077740917,0.0182719962,0.0073474442,0.0044242267,0.0083567642,0.0112351572,0.0111749144,0.0092224517,0.0103087857,0.0135159264,0.0124309857
CTAS,0.0058958411,0.0070381137,-0.0003529904,0.0031250169,0.0120654486,0.0273233588,0.008620091,0.0093324622,0.0106655536,0.0098910164,0.0169908788,-0.0001723301,-0.0021141465,0.0113646435,0.0123553752,0.0150094998,0.0073032815,0.0131157245,0.017482542,0.014105297
EXPO,-0.0010645889,-0.0010003263,0.0046007271,0.0041504905,0.010911174,0.008620091,0.0418506409,0.0034257173,0.0154180367,0.0104206829,0.0188135163,0.0034524781,0.0029908708,-0.0003656119,0.0103014905,0.0112976313,0.0107666893,0.010067925,0.0131971523,0.0007663618
TDG,0.0053105789,-0.0079674295,0.0063682141,0.0068010954,0.0116821628,0.0093324622,0.0034257173,0.0514791832,0.0069356096,0.0089147487,0.0065677044,0.0048006299,0.0102015861,0.0068877118,0.0088721785,0.01034779,0.007877092,0.0136655344,0.0120676457,0.0158736585
WDFC,0.0082062085,0.0019580087,0.0047514949,0.0087499281,0.0094832761,0.0106655536,0.0154180367,0.0069356096,0.0352497697,0.0071275043,0.0202788708,0.0096883644,0.0067281376,0.0040707867,0.0142412794,0.0193729799,0.0110974795,0.0084347665,0.0180802178,-0.0002903838
FISV,0.0098024451,0.0044881853,0.0035565606,0.0061887242,0.0077740917,0.0098910164,0.0104206829,0.0089147487,0.0071275043,0.0185694201,0.013294122,0.0045501233,0.0039021846,0.0103507455,0.0162225484,0.0140141977,0.0110448988,0.0113962411,0.0157144411,0.0036537214
HEI,0.0165862085,0.0041673111,0.0046097406,0.0004822757,0.0182719962,0.0169908788,0.0188135163,0.0065677044,0.0202788708,0.013294122,0.0513876489,0.0058298068,0.0029078963,0.0092582703,0.019595699,0.0175335744,0.0187609596,0.014575001,0.0224727094,0.006604647
CMS,0.0065261828,0.0012416463,0.0183687005,0.0186868309,0.0073474442,-0.0001723301,0.0034524781,0.0048006299,0.0096883644,0.0045501233,0.0058298068,0.023866944,0.0184243269,0.0023419998,0.0060859378,0.0060799052,0.0031728859,0.0026729215,0.0048297941,0.0028075138
NEE,0.0062301663,0.0001271192,0.0137868681,0.0155379782,0.0044242267,-0.0021141465,0.0029908708,0.0102015861,0.0067281376,0.0039021846,0.0029078963,0.0184243269,0.0215979024,0.0024423937,0.0053466885,0.002135688,0.0055168459,0.0024131327,0.0029273967,0.0018545007
TTC,0.0091190777,0.0057190095,0.0037347552,0.002314134,0.0083567642,0.0113646435,-0.0003656119,0.0068877118,0.0040707867,0.0103507455,0.0092582703,0.0023419998,0.0024423937,0.0243552374,0.0119408754,0.0088611648,0.0113307281,0.011604859,0.0171596698,0.0100663972
JKHY,0.0128292808,0.0043998103,0.0057498794,0.0082033085,0.0112351572,0.0123553752,0.0103014905,0.0088721785,0.0142412794,0.0162225484,0.019595699,0.0060859378,0.0053466885,0.0119408754,0.0293181216,0.0172073206,0.0136031969,0.0122408038,0.0185188934,0.0025088657
ORLY,0.0162218982,-0.002310592,0.0064370552,0.0043129047,0.0111749144,0.0150094998,0.0112976313,0.01034779,0.0193729799,0.0140141977,0.0175335744,0.0060799052,0.002135688,0.0088611648,0.0172073206,0.0411840632,0.0096616341,0.0117895779,0.0245757516,0.0025688541
ROL,0.0157237833,0.0037790225,0.0009764343,0.003333424,0.0092224517,0.0073032815,0.0107666893,0.007877092,0.0110974795,0.0110448988,0.0187609596,0.0031728859,0.0055168459,0.0113307281,0.0136031969,0.0096616341,0.0288815,0.0119725272,0.0123512392,-0.0040046385
AFG,0.0027254997,-0.000154503,0.0036488144,0.0023574669,0.0103087857,0.0131157245,0.010067925,0.0136655344,0.0084347665,0.0113962411,0.014575001,0.0026729215,0.0024131327,0.011604859,0.0122408038,0.0117895779,0.0119725272,0.0200947984,0.0172603968,0.0070746893
POOL,0.0135623749,0.0064346915,0.006944453,0.0032069925,0.0135159264,0.017482542,0.0131971523,0.0120676457,0.0180802178,0.0157144411,0.0224727094,0.0048297941,0.0029273967,0.0171596698,0.0185188934,0.0245757516,0.0123512392,0.0172603968,0.0401248273,0.0111955006
AVGO,-0.0000298555,0.006193167,-0.0006091774,0.0080494392,0.0124309857,0.014105297,0.0007663618,0.0158736585,-0.0002903838,0.0036537214,0.006604647,0.0028075138,0.0018545007,0.0100663972,0.0025088657,0.0025688541,-0.0040046385,0.0070746893,0.0111955006,0.071993185
