rank_P1,PERMNO,TICKER,COMNAM,t_alpha_P1,rank_P2,t_alpha_P2
3,23393,CHD,CHURCH & DWIGHT INC,3.6849586347803642,28,2.5540395827461086
4,23536,WEC,W E C ENERGY GROUP INC,3.358155538137524,31,2.531682587626678
5,92655,UNH,UNITEDHEALTH GROUP INC,3.331977066637208,5,3.222068827313857
6,24205,NEE,NEXTERA ENERGY INC,3.3278855615577574,14,2.8392100199849133
9,52090,MKC,MCCORMICK & CO INC,3.2537450161539705,30,2.5325506573870475
10,36003,ROL,ROLLINS INC,3.214403427928521,18,2.7841138593287256
11,76261,EXPO,EXPONENT INC,3.210942533747978,7,2.9768582996375845
13,36468,SHW,SHERWIN WILLIAMS CO,3.1253512303792195,53,2.247615443645293
15,79103,ORLY,O REILLY AUTOMOTIVE INC NEW,3.0888157394732523,17,2.7931494197477984
16,76605,AZO,AUTOZONE INC,3.061304995122595,29,2.550415985631635
17,91556,ROST,ROSS STORES INC,3.053826517852129,45,2.3222192763910554
19,40539,TJX,T J X COMPANIES INC NEW,3.0079418951572605,43,2.3549601001980016
25,51633,VVC,VECTREN CORP,2.884813680649531,54,2.245197127492743
26,77037,ODFL,OLD DOMINION FREIGHT LINE INC,2.876656676135574,65,2.1768624065736675
29,32986,ATO,ATMOS ENERGY CORP,2.8204794367053854,24,2.6060896644434735
30,76582,DORM,DORMAN PRODUCTS INC,2.8102171276137486,44,2.338278989209621
31,76709,IDXX,I D E X X LABORATORIES INC,2.786951837747593,87,2.0126432921674655
36,60580,TTC,TORO CO,2.7101615849364658,15,2.817898291692514
40,50789,MGEE,M G E ENERGY INC,2.665352329988846,61,2.2107168837618505
46,12781,SR,SPIRE INC,2.6256719871490475,62,2.202592904057524
49,32870,HRL,HORMEL FOODS CORP,2.6135060790861377,36,2.4291751966358675
51,77338,ROP,ROPER TECHNOLOGIES INC,2.6016382955678816,89,2.0092948300323084
61,81294,WDFC,WD 40 CO,2.499161843989542,10,2.957344953165897
62,48725,UNP,UNION PACIFIC CORP,2.4927572754337928,88,2.01036544484834
66,64390,PGR,PROGRESSIVE CORP OH,2.4673567817032267,71,2.096796941133683
71,76185,TYL,TYLER TECHNOLOGIES INC,2.412536250690607,76,2.0682457322922607
72,69796,STZ,CONSTELLATION BRANDS INC,2.403630289592552,57,2.2269500215921143
86,27562,CBRL,CRACKER BARREL OLD COUNTRY STORE,2.3095517638882996,66,2.1722105115241677
87,10696,FISV,FISERV INC,2.3038207091362097,11,2.9277477434697525
89,82515,POOL,POOL CORP,2.294480844903637,20,2.7617179202305118
98,77629,USPH,U S PHYSICAL THERAPY INC,2.252710953977369,91,2.000382193497979
99,11674,DTE,D T E ENERGY CO,2.252100482559325,25,2.5983605692663
104,43449,MCD,MCDONALDS CORP,2.2096808218077832,48,2.3080302248500417
106,16600,HSY,HERSHEY CO,2.19412911985374,67,2.1295959187557805
109,77447,ICUI,I C U MEDICAL INC,2.1774072136000555,42,2.3563908598698373
113,71475,AWR,AMERICAN STATES WATER CO,2.169504071940927,26,2.5877481631667414
122,65541,COO,COOPER COMPANIES INC,2.1155433446589478,39,2.387787935239449
127,32678,HEI,HEICO CORP NEW,2.0867158896624423,12,2.8874043085374
131,85945,HEI,HEICO CORP NEW,2.0722750497019615,8,2.970033091031907
133,38762,NI,NISOURCE INC,2.065440031064897,4,3.306223659910383
140,24053,EVRG,EVERGY INC,2.046915296712129,51,2.2813965536138148
144,77702,SBUX,STARBUCKS CORP,2.0325445797947377,40,2.381711114031693
