rank,PERMNO,alpha,b_mkt,s_smb,h_hml,t_alpha,t_mkt,t_smb,t_hml,r2,resid_sd,se_alpha,sqrt_c00,nobs,ex_mean_m,ex_sd_m,zero_ret_share,alpha_ann,p_alpha_one,appraisal_ratio,eb_shrink,eb_alpha,sharpe_raw,guard_reason,sharpe_valid,sharpe,avg_vol,liq_pass,TICKER,COMNAM,EXCHCD,gate_pass,period,rank_metric
1,88031,0.03263757806,0.7491439966,-0.1545119249,-0.3422624253,3.820415407,3.705723333,-0.5563910948,-1.210978448,0.06576026676,0.1272435668,0.008542939597,0.06713847945,227,0.03441344536,0.1307690232,0.004405286344,0.3916509367,8.64E-05,0.2564968813,0,,0.9116201129,,TRUE,0.9116201129,289598.2952,TRUE,MNST,MONSTER BEVERAGE CORP NEW,3,TRUE,P1,t_alpha
2,17929,0.01194189548,0.4192935006,-0.2636456943,0.1637916842,3.707823835,5.501472936,-2.518210395,1.537171065,0.1362158727,0.04797143088,0.003220728926,0.06713847945,227,0.01357914418,0.05127176582,0,0.1433027457,0.0001319199793,0.2489376543,0,,0.9174549487,,TRUE,0.9174549487,110392.7357,TRUE,UGI,U G I CORP NEW,1,TRUE,P1,t_alpha
3,23393,0.01299015124,0.3402711333,-0.2828027251,0.05871658578,3.684958635,4.079045422,-2.467899687,0.5034585614,0.08077975802,0.05250613964,0.003525182377,0.06713847945,227,0.01396111351,0.05439995137,0.008810572687,0.1558818149,0.0001435930863,0.2474025196,0,,0.8890213069,,TRUE,0.8890213069,130600.5198,TRUE,CHD,CHURCH & DWIGHT INC,1,TRUE,P1,t_alpha
4,23536,0.009983166498,0.2143754156,-0.204952879,0.2164509705,3.358155538,3.047351115,-2.120860089,2.200779625,0.07527483598,0.04427881665,0.002972812422,0.06713847945,227,0.01105206817,0.04573912791,0.004405286344,0.119797998,0.0004613011741,0.2254614566,0,,0.8370401655,,TRUE,0.8370401655,219915.1366,TRUE,WEC,W E C ENERGY GROUP INC,1,TRUE,P1,t_alpha
5,92655,0.01445984629,0.6363132058,-0.08187668495,0.3700816027,3.331977067,6.196183743,-0.5803955593,2.577628648,0.1691984997,0.06463833657,0.004339719631,0.06713847945,227,0.01796399244,0.07044330887,0,0.1735181554,0.0005046606384,0.2237038738,0,,0.8833925639,,TRUE,0.8833925639,1145604.374,TRUE,UNH,UNITEDHEALTH GROUP INC,1,TRUE,P1,t_alpha
6,24205,0.01095409539,0.4397313081,-0.4243043841,0.1642588252,3.327885562,5.645394254,-3.965471996,1.508360336,0.163595904,0.04902714841,0.003291608196,0.06713847945,227,0.01233767358,0.0532508777,0,0.1314491447,0.000511771085,0.2234291764,0,,0.8025962543,,TRUE,0.8025962543,387620.3877,TRUE,NEE,NEXTERA ENERGY INC,1,TRUE,P1,t_alpha
7,83621,0.01585645112,0.9674267202,0.3717459809,-0.1620527692,3.314185585,8.54483997,2.390246088,-1.023792194,0.3113899459,0.07126194438,0.004784418588,0.06713847945,227,0.02015682416,0.08530396149,0,0.1902774134,0.0005362649665,0.2225093808,0,,0.8185468284,,TRUE,0.8185468284,84555.67841,TRUE,ANSS,ANSYS INC,3,TRUE,P1,t_alpha
8,13901,0.01380416446,0.4799439614,-0.4037056082,0.2405576757,3.254125006,4.781120214,-2.927617896,1.714067233,0.1217982843,0.06318360354,0.004242051068,0.06713847945,227,0.01561504856,0.06697388046,0.004405286344,0.1656499735,0.0006570858572,0.2184770049,0,,0.8076598604,,TRUE,0.8076598604,2071112.013,TRUE,MO,ALTRIA GROUP INC,1,TRUE,P1,t_alpha
9,52090,0.0101701258,0.2929908219,-0.05218080992,0.2725355637,3.253745016,3.961195082,-0.513562743,2.635511402,0.09266720933,0.04655553352,0.00312566773,0.06713847945,227,0.01204540603,0.04854966267,0,0.1220415096,0.0006579250502,0.2184514929,0,,0.8594603587,,TRUE,0.8594603587,128652.2511,TRUE,MKC,MCCORMICK & CO INC,1,TRUE,P1,t_alpha
10,36003,0.01358764192,0.3687895578,0.4214059994,0.203631908,3.214403428,3.686802974,3.066779183,1.456084726,0.1227463271,0.06296108587,0.00422711157,0.06713847945,227,0.01657703098,0.06677406628,0,0.163051703,0.0007504004421,0.2158101585,0,,0.8599823703,,TRUE,0.8599823703,47820.36564,TRUE,ROL,ROLLINS INC,1,TRUE,P1,t_alpha
11,76261,0.01561788335,0.4138506571,0.3042445233,0.6418733395,3.210942534,3.595580624,1.924237307,3.988818009,0.1293859554,0.07244662208,0.004863956047,0.06713847945,227,0.01979985071,0.0771264813,0,0.1874146003,0.0007590875133,0.2155777993,0,,0.8893014913,,TRUE,0.8893014913,12448.72247,TRUE,EXPO,EXPONENT INC,3,TRUE,P1,t_alpha
12,57568,0.01274760163,0.5379833772,-0.4296812556,0.3116835007,3.160296766,5.636159368,-3.27696117,2.335596001,0.1642435994,0.06007988812,0.004033672334,0.06713847945,227,0.01494601805,0.06528110117,0,0.1529712196,0.0008973547257,0.2121775195,0,,0.7931012856,,TRUE,0.7931012856,208227.1762,TRUE,BLL,BALL CORP,1,TRUE,P1,t_alpha
13,36468,0.01176752172,0.7106217343,0.1043242314,0.3817454651,3.12535123,7.975672872,0.8523628631,3.064588978,0.2609833587,0.05608086149,0.003765183767,0.06713847945,227,0.01600372664,0.06480160751,0,0.1412102606,0.001005970148,0.2098313293,0,,0.8555117294,,TRUE,0.8555117294,202296.3128,TRUE,SHW,SHERWIN WILLIAMS CO,1,TRUE,P1,t_alpha
14,14593,0.02030030109,1.349528448,0.1380029167,-0.9527237002,3.113919755,8.747863658,0.6512064688,-4.417295296,0.3375837212,0.09710096845,0.006519211374,0.06713847945,227,0.02341583854,0.1185103484,0,0.243603613,0.001044057408,0.2090638375,0,,0.68445368,,TRUE,0.68445368,4922738.449,TRUE,AAPL,APPLE INC,3,TRUE,P1,t_alpha
15,79103,0.01619179094,0.6031836014,0.191851081,0.1186818474,3.088815739,4.862522948,1.125866424,0.6843305656,0.1178660426,0.07807848629,0.005242070847,0.06713847945,227,0.01941772999,0.08257761335,0,0.1943014913,0.00113241632,0.207378392,0,,0.8145668915,,TRUE,0.8145668915,188407.9868,TRUE,ORLY,O REILLY AUTOMOTIVE INC NEW,3,TRUE,P1,t_alpha
16,76605,0.01400420898,0.4451249324,-0.06682446223,0.285915341,3.061304995,4.111922891,-0.4493750879,1.889165482,0.08456102779,0.06813660364,0.004574587963,0.06713847945,227,0.01651271053,0.07073982727,0,0.1680505078,0.001237132534,0.2055313625,0,,0.8086209623,,TRUE,0.8086209623,139701.4714,TRUE,AZO,AUTOZONE INC,1,TRUE,P1,t_alpha
17,91556,0.01697871302,0.7948580583,-0.1064459288,0.2157932911,3.053826518,6.04149193,-0.5889713276,1.173172999,0.1472712834,0.08281116698,0.005559815832,0.06713847945,227,0.02064154426,0.0890803003,0,0.2037445563,0.001267102036,0.2050292689,0,,0.8026960682,,TRUE,0.8026960682,392159.1938,TRUE,ROST,ROSS STORES INC,3,TRUE,P1,t_alpha
18,77274,0.01813887396,0.6626069886,0.7401121097,-0.6733085997,3.023707079,4.667673072,3.795355027,-3.392564252,0.2435035277,0.08935093575,0.005998885964,0.06713847945,227,0.02049928889,0.1020455013,0,0.2176664875,0.001394695836,0.2030070956,0,,0.6958819237,,TRUE,0.6958819237,1515178.59,TRUE,GILD,GILEAD SCIENCES INC,3,TRUE,P1,t_alpha
19,40539,0.01257992601,0.7046899904,-0.3092514636,0.2811180042,3.007941895,7.120401495,-2.274723544,2.031723215,0.2005933767,0.06229269825,0.004182237041,0.06713847945,227,0.01563079657,0.06920723268,0,0.1509591121,0.001466094776,0.2019486451,0,,0.7823845216,,TRUE,0.7823845216,756409.9868,TRUE,TJX,T J X COMPANIES INC NEW,1,TRUE,P1,t_alpha
20,84181,0.01041898688,0.9136148245,-0.01171270841,0.2587335679,2.999041226,11.11309704,-0.103714572,2.251097203,0.3763747884,0.05174537684,0.00347410592,0.06713847945,227,0.0148932029,0.06508905015,0,0.1250278425,0.001507873234,0.2013510677,0,,0.7926305284,,TRUE,0.7926305284,186912.978,TRUE,CNI,CANADIAN NATIONAL RAILWAY CO,1,TRUE,P1,t_alpha
21,10318,0.01540140714,0.5150433885,0.4844778456,0.4754352642,2.988783443,4.223698289,2.892234301,2.788752448,0.146739251,0.0767528396,0.005153068944,0.06713847945,227,0.019903604,0.08253758924,0,0.1848168857,0.001557376299,0.2006623758,0,,0.8353540175,,TRUE,0.8353540175,15675.49339,TRUE,BCPC,BALCHEM CORP,3,TRUE,P1,t_alpha
22,21178,0.01113572667,0.5260296112,-0.1867722618,0.5532322186,2.954071726,5.896953316,-1.524194375,4.436029891,0.2008228518,0.05614693137,0.003769619598,0.06713847945,227,0.014489093,0.06238823637,0,0.1336287201,0.001736162805,0.1983318839,0,,0.8045056789,,TRUE,0.8045056789,441615.2819,TRUE,LMT,LOCKHEED MARTIN CORP,1,TRUE,P1,t_alpha
23,82276,0.00949258951,0.4287994789,0.2248574984,0.2267444565,2.953447462,5.637853958,2.152174228,2.13238566,0.1755371064,0.04787226216,0.003214070889,0.06713847945,227,0.01238016981,0.05237169198,0.004405286344,0.1139110741,0.001739543737,0.1982899717,0,,0.8188806705,,TRUE,0.8188806705,78482.02643,TRUE,ACGL,ARCH CAPITAL GROUP LTD NEW,3,TRUE,P1,t_alpha
24,64450,0.008995401109,0.2227857036,-0.05903879168,0.1171587982,2.92027683,3.056369319,-0.5896121885,1.1496428,0.04582784641,0.04588016908,0.003080324789,0.06713847945,227,0.01012263279,0.0466562525,0.008810572687,0.1079448133,0.001928109356,0.1960629459,0,,0.7515783357,,TRUE,0.7515783357,48208.45374,TRUE,NJR,NEW JERSEY RES,1,TRUE,P1,t_alpha
25,51633,0.009309334522,0.4199664054,-0.3643478977,0.04185165284,2.884813681,5.499569663,-3.473288861,0.3920092121,0.1378950749,0.04806504646,0.003227014134,0.06713847945,227,0.01038775195,0.05142182847,0,0.1117120143,0.00215023688,0.193682004,0,,0.699785079,,TRUE,0.699785079,65723.81498,TRUE,VVC,VECTREN CORP,1,TRUE,P1,t_alpha
26,77037,0.01722328153,0.6256751656,0.6915808297,0.4881377101,2.876656676,4.416071267,3.553371228,2.464330873,0.1678877031,0.08917772046,0.005987256552,0.06713847945,227,0.02265404686,0.09710992277,0.004405286344,0.2066793784,0.002204527274,0.1931343551,0,,0.8081143314,,TRUE,0.8081143314,82739.01762,TRUE,ODFL,OLD DOMINION FREIGHT LINE INC,3,TRUE,P1,t_alpha
27,62092,0.01072550977,1.086796853,-0.4773337839,-0.2535821032,2.859557512,12.24459117,-3.914971179,-2.043544122,0.4083198348,0.05586600372,0.003750758542,0.06713847945,227,0.0134628782,0.07214434794,0.004405286344,0.1287061172,0.002322413786,0.1919863433,0,,0.6464370314,,TRUE,0.6464370314,404369.5595,TRUE,TMO,THERMO FISHER SCIENTIFIC INC,1,TRUE,P1,t_alpha
28,17743,0.01244607322,0.4038521669,-0.3470063998,0.9455201212,2.830784069,3.881609419,-2.427936807,6.500244507,0.2330072925,0.06548685101,0.004396687601,0.06713847945,227,0.01608160345,0.0742774015,0,0.1493528786,0.002533820746,0.190054538,0,,0.7500034647,,TRUE,0.7500034647,135027.1894,TRUE,WRB,BERKLEY W R CORP,1,TRUE,P1,t_alpha
29,32986,0.008709198616,0.26158904,0.1087792127,0.2276173701,2.820479437,3.579969371,1.083717676,2.228099958,0.08370876961,0.04599215465,0.00308784333,0.06713847945,227,0.01066643973,0.04772711719,0.004405286344,0.1045103834,0.002613693649,0.1893627007,0,,0.7741852699,,TRUE,0.7741852699,82125.39207,TRUE,ATO,ATMOS ENERGY CORP,1,TRUE,P1,t_alpha
30,76582,0.02052714582,0.8697410663,0.826698491,-0.04083986242,2.810217128,5.031718188,3.481640751,-0.1689974321,0.1889631376,0.1087970676,0.007304469687,0.06713847945,227,0.02573286262,0.1200038295,0.008810572687,0.2463257499,0.002695507903,0.1886737049,0,,0.7428200529,,TRUE,0.7428200529,18657.46256,TRUE,DORM,DORMAN PRODUCTS INC,3,TRUE,P1,t_alpha
31,76709,0.01652024228,0.5508162163,1.147812402,-0.2380505492,2.786951838,3.926763931,5.956751289,-1.213854872,0.2570576374,0.08829079908,0.005927709999,0.06713847945,227,0.02052721962,0.1017503937,0,0.1982429073,0.002889672592,0.1871117087,0,,0.6988511012,,TRUE,0.6988511012,77757.35242,TRUE,IDXX,I D E X X LABORATORIES INC,3,TRUE,P1,t_alpha
32,32803,0.02105747116,0.7092949428,0.667316968,0.4573501904,2.783279594,3.961799642,2.713365458,1.827191269,0.124076036,0.1126880537,0.007565704576,0.06713847945,227,0.0266928779,0.1196032238,0,0.2526896539,0.002921454604,0.1868651598,0,,0.7731132868,,TRUE,0.7731132868,316611.207,TRUE,HFC,HOLLYFRONTIER CORP,1,TRUE,P1,t_alpha
33,85348,0.01186648477,0.6596557766,0.02148070096,0.1760279843,2.76615753,6.498112366,0.1540383207,1.240283782,0.1727690273,0.06389600068,0.004289880328,0.06713847945,227,0.01512930835,0.06978442343,0,0.1423978172,0.003073868521,0.1857156104,0,,0.7510194813,,TRUE,0.7510194813,562364.163,TRUE,YUM,YUM BRANDS INC,1,TRUE,P1,t_alpha
34,85257,0.0108406031,0.9128772884,-0.1940531423,0.3604274211,2.756595245,9.809502568,-1.517978923,2.770268792,0.3188143234,0.05857454721,0.003932606034,0.06713847945,227,0.01521804666,0.07049761073,0,0.1300872371,0.003162091733,0.1850736132,0,,0.7477822223,,TRUE,0.7477822223,148403.5198,TRUE,AME,AMETEK INC NEW,1,TRUE,P1,t_alpha
35,65294,0.009744966208,0.4612021302,0.1980110939,0.4818539873,2.720679599,5.441309025,1.700638822,4.066277804,0.1879876519,0.05334963302,0.00358181324,0.06713847945,227,0.01343944368,0.05880961436,0.004405286344,0.1169395945,0.003514319059,0.1826622913,0,,0.7916324406,,TRUE,0.7916324406,22950.837,TRUE,RLI,R L I CORP,1,TRUE,P1,t_alpha
36,60580,0.01052904042,0.7720598943,0.4292778156,0.7444294156,2.710161585,8.397933072,3.399150084,5.791811835,0.3586529237,0.05786581934,0.003885023123,0.06713847945,227,0.01674202177,0.07177509222,0,0.1263484851,0.003623984435,0.1819561279,0,,0.8080249408,,TRUE,0.8080249408,60312.48018,TRUE,TTC,TORO CO,1,TRUE,P1,t_alpha
37,84769,0.01305182408,1.441106029,0.009185275605,-0.7357530889,2.710039362,12.64489846,0.05867080976,-4.617649953,0.4766136354,0.07173384527,0.004816101296,0.06713847945,227,0.01689329157,0.09849430534,0,0.156621889,0.003625276756,0.181947922,0,,0.5941468229,,TRUE,0.5941468229,185447.2863,TRUE,APH,AMPHENOL CORP NEW,1,TRUE,P1,t_alpha
38,79686,0.0232106787,1.198619211,0.6305930429,0.389079358,2.68744893,5.864738311,2.246089504,1.36168012,0.1827599118,0.1286400259,0.008636695733,0.06713847945,227,0.03058605982,0.1413512,0.01321585903,0.2785281444,0.003871410274,0.1804312347,0,,0.7495742465,,TRUE,0.7495742465,142169.9515,TRUE,DECK,DECKERS OUTDOOR CORP,1,TRUE,P1,t_alpha
39,84788,0.01983217976,1.648299591,-0.2546085404,-1.436435271,2.682102045,9.420111041,-1.059261817,-5.871856507,0.3708553699,0.1101345678,0.007394267415,0.06713847945,227,0.021963473,0.1379261509,0,0.2379861571,0.003931830379,0.180072253,0,,0.5516263725,,TRUE,0.5516263725,1417723.511,TRUE,AMZN,AMAZON COM INC,3,TRUE,P1,t_alpha
40,50789,0.007910022174,0.2484905399,0.2038689109,0.2364715645,2.66535233,3.538358306,2.113262425,2.408465203,0.1019070188,0.04420298254,0.002967721035,0.06713847945,227,0.0100394199,0.04633286275,0.008810572687,0.09492026609,0.004126646708,0.1789477026,0,,0.7506026745,,TRUE,0.7506026745,11855.88987,TRUE,MGEE,M G E ENERGY INC,3,TRUE,P1,t_alpha
41,76839,0.01751352006,0.5505819205,0.3729861517,0.2362556272,2.662857953,3.537622818,1.744587541,1.085778515,0.08355264928,0.09796116535,0.006576963686,0.06713847945,227,0.02124193402,0.1016478963,0.008810572687,0.2101622407,0.004156391237,0.1787802339,0,,0.7239128467,,TRUE,0.7239128467,16449.71366,TRUE,FIZZ,NATIONAL BEVERAGE CORP,3,TRUE,P1,t_alpha
42,86136,0.009065017037,0.4281628697,-0.2417636462,0.1192051072,2.652025806,5.293380921,-2.17583331,1.054116254,0.1202201705,0.05091190855,0.003418148126,0.06713847945,227,0.0106573034,0.05391760459,0,0.1087802044,0.00428781305,0.17805298,0,,0.6847110918,,TRUE,0.6847110918,268013.8546,TRUE,SRE,SEMPRA ENERGY,1,TRUE,P1,t_alpha
43,80286,0.01789622528,0.924380565,0.8704284114,0.2165186057,2.634818599,5.751155529,3.942283422,0.963538407,0.2256954519,0.1011670803,0.006792203944,0.06713847945,227,0.02415570816,0.1142040547,0.004405286344,0.2147547034,0.004504282458,0.1768977144,0,,0.732704525,,TRUE,0.732704525,160122.348,TRUE,TSCO,TRACTOR SUPPLY CO NEW,3,TRUE,P1,t_alpha
44,79785,0.01410833966,0.7607589162,0.1521851572,0.9898556454,2.632787739,5.999319829,0.8736505214,5.583368995,0.236100956,0.07981574265,0.005358707598,0.06713847945,227,0.02039255456,0.09071284496,0,0.1693000759,0.004530468697,0.1767613655,0,,0.7787417672,,TRUE,0.7787417672,12198.97797,TRUE,NVR,N V R INC,1,TRUE,P1,t_alpha
45,29946,0.009057568683,0.6089101921,-0.3439807571,0.245638465,2.632727573,7.479327555,-3.075770569,2.158118,0.2227655618,0.05124296054,0.003440374453,0.06713847945,227,0.01153957323,0.05773729154,0,0.1086908242,0.004531246569,0.176757326,0,,0.6923472366,,TRUE,0.6923472366,85493.78855,TRUE,BF,BROWN FORMAN CORP,1,TRUE,P1,t_alpha
46,12781,0.00788390958,0.1132811523,0.2299442509,0.190597662,2.625671987,1.594305404,2.355845986,1.918672856,0.05250756962,0.0447228697,0.003002625468,0.06713847945,227,0.009380819675,0.04563940778,0,0.09460691496,0.004623303416,0.1762836247,0,,0.7120187174,,TRUE,0.7120187174,27519.60352,TRUE,SR,SPIRE INC,1,TRUE,P1,t_alpha
47,49680,0.008191863973,0.891425203,-0.1665250378,0.1158652167,2.619688231,12.04666434,-1.638218858,1.119965079,0.3992899009,0.0465759393,0.003127037744,0.06713847945,227,0.01183908832,0.05969354451,0.004405286344,0.09830236768,0.004702688712,0.1758818844,0,,0.6870391984,,TRUE,0.6870391984,455101.2203,TRUE,DHR,DANAHER CORP,1,TRUE,P1,t_alpha
48,41292,0.01391215035,0.2033144907,0.6994437599,0.6797880388,2.619226924,1.617566787,4.05095265,3.868449296,0.1255476307,0.07911332453,0.005311548313,0.06713847945,227,0.01817067389,0.08403878551,0.004405286344,0.1669458042,0.004708859301,0.175850913,0,,0.7490001242,,TRUE,0.7490001242,55065.27313,TRUE,HCSG,HEALTHCARE SERVICES GROUP INC,3,TRUE,P1,t_alpha
49,32870,0.009456628128,0.3469046165,-0.1423393604,0.2075282027,2.613506079,4.05146701,-1.210145852,1.733599825,0.08185197486,0.05389410889,0.003618368522,0.06713847945,227,0.01117731786,0.05587057683,0,0.1134795375,0.004785989681,0.1754668242,0,,0.693018885,,TRUE,0.693018885,179316.3744,TRUE,HRL,HORMEL FOODS CORP,1,TRUE,P1,t_alpha
50,79824,0.009387766758,0.512311409,0.4897370123,0.6130623942,2.612122654,6.023935685,4.191984859,5.156089864,0.2796794019,0.05352999763,0.003593922645,0.06713847945,227,0.01428379028,0.06265165087,0.004405286344,0.1126532011,0.00480481095,0.1753739431,0,,0.7897717028,,TRUE,0.7897717028,20316.5859,TRUE,FFIN,FIRST FINANCIAL BANKSHARES INC,3,TRUE,P1,t_alpha
51,77338,0.01019456813,0.9685712338,-0.2368364823,0.1149542084,2.601638296,10.44539036,-1.859311645,0.8867220041,0.3312649959,0.05836472112,0.003918518629,0.06713847945,227,0.01400813951,0.07089597809,0.008810572687,0.1223348175,0.004949621947,0.1746700392,0,,0.6844622222,,TRUE,0.6844622222,89878.31718,TRUE,ROP,ROPER TECHNOLOGIES INC,1,TRUE,P1,t_alpha
52,85259,0.009762791569,0.9988714991,-0.01813889544,0.6086261128,2.596456816,11.22617304,-0.1484032551,4.892627976,0.4077038557,0.05600430505,0.003760043884,0.06713847945,227,0.015575748,0.07228533062,0.004405286344,0.1171534988,0.005022624383,0.1743221625,0,,0.7464304767,,TRUE,0.7464304767,153586.0044,TRUE,BAM,BROOKFIELD ASSET MANAGEMENT INC,1,TRUE,P1,t_alpha
53,82311,0.01343333594,0.8287790308,0.1517531918,0.07382556304,2.595363335,6.766562035,0.9019399561,0.4311273588,0.1933521577,0.07709286925,0.005175898017,0.06713847945,227,0.01737426397,0.08526492871,0,0.1612000313,0.005038153361,0.1742487479,0,,0.7058730571,,TRUE,0.7058730571,49516.06167,TRUE,BAP,CREDICORP LTD,1,TRUE,P1,t_alpha
54,76750,0.01258014205,0.3977027151,0.7210468078,0.4020271036,2.594087374,3.465553717,4.573914231,2.505756781,0.1695425418,0.0722319674,0.004849544458,0.06713847945,227,0.01688880079,0.07873520472,0.004405286344,0.1509617046,0.005056328217,0.1741630819,0,,0.7430541686,,TRUE,0.7430541686,34725.47137,TRUE,MNRO,MONRO INC,3,TRUE,P1,t_alpha
55,75976,0.01682283934,0.8443301953,0.2915776721,0.06799378073,2.592789303,5.499146301,1.382444472,0.3167536627,0.1485004572,0.09664081194,0.006488317166,0.06713847945,227,0.02110615546,0.1040319101,0.008810572687,0.2018740721,0.005074878311,0.1740759313,0,,0.7028023147,,TRUE,0.7028023147,17691.11013,TRUE,NEOG,NEOGEN CORP,3,TRUE,P1,t_alpha
56,75470,0.01754577088,1.053089023,0.7387836171,0.7426788876,2.573774172,6.527969165,3.333809224,3.292938267,0.2497536186,0.1015384465,0.0068171369,0.06713847945,227,0.025563033,0.116446589,0.004405286344,0.2105492505,0.005353693289,0.1727992843,0,,0.7604597493,,TRUE,0.7604597493,39030.56828,TRUE,MIDD,MIDDLEBY CORP,3,TRUE,P1,t_alpha
57,86158,0.01721257926,1.145090248,0.3847737451,-0.2700206739,2.546004126,7.157607675,1.750830419,-1.207242992,0.2387095239,0.1006967257,0.006760625047,0.06713847945,227,0.02196223098,0.1146405768,0.004405286344,0.2065509512,0.005785529281,0.1709348457,0,,0.6636341332,,TRUE,0.6636341332,569310.5595,TRUE,CTSH,COGNIZANT TECHNOLOGY SOLS CORP,3,TRUE,P1,t_alpha
58,18411,0.007552904635,0.1007963871,-0.2657185314,0.29077051,2.534914896,1.42958299,-2.743447975,2.949743595,0.08840823607,0.04437916397,0.002979549588,0.06713847945,227,0.008239074658,0.0461718347,0.004405286344,0.09063485562,0.005966489806,0.1701903317,0,,0.6181472323,,TRUE,0.6181472323,803365.3877,TRUE,SO,SOUTHERN CO,1,TRUE,P1,t_alpha
59,70578,0.007905465154,0.6704937174,-0.4453668077,0.3156597866,2.53200292,9.074997424,-4.388136449,3.055909991,0.3112507197,0.04650415157,0.003122218024,0.06713847945,227,0.01062726042,0.05566207066,0,0.09486558185,0.006014839068,0.169994826,0,,0.6613823299,,TRUE,0.6613823299,241836.3392,TRUE,ECL,ECOLAB INC,1,TRUE,P1,t_alpha
60,83728,0.01006780306,0.2573225813,-0.08790807498,0.4267246695,2.508286449,2.709164298,-0.6737467658,3.213473312,0.07620179747,0.05978415269,0.004013817107,0.06713847945,227,0.01216232622,0.06178680437,0,0.1208136367,0.006421817424,0.1684025382,0,,0.6818856281,,TRUE,0.6818856281,87434.22026,TRUE,RNR,RENAISSANCERE HOLDINGS LTD,1,TRUE,P1,t_alpha
61,81294,0.01034449453,0.497289019,0.3103052191,0.09514610716,2.499161844,5.077021479,2.306214459,0.6948013566,0.1519276031,0.06165146366,0.004139185526,0.06713847945,227,0.01331745337,0.06650053505,0.004405286344,0.1241339344,0.006584818091,0.1677899261,0,,0.6937239182,,TRUE,0.6937239182,15437.9207,TRUE,WDFC,WD 40 CO,3,TRUE,P1,t_alpha
62,48725,0.008934618587,0.8069268317,0.07274326998,0.5558496655,2.492757275,9.513781127,0.6243416357,4.687549317,0.344960032,0.05338564865,0.003584231275,0.06713847945,227,0.01399871854,0.06552225506,0.008810572687,0.107215423,0.006701417945,0.1673599331,0,,0.7400994281,,TRUE,0.7400994281,588246.1145,TRUE,UNP,UNION PACIFIC CORP,1,TRUE,P1,t_alpha
63,64194,0.01276508469,0.5616949981,0.3237176452,0.07812088262,2.487909073,4.626221088,1.94089785,0.4602168029,0.1259352063,0.07642187618,0.005130848563,0.06713847945,227,0.01598255986,0.08119776843,0,0.1531810163,0.006790900972,0.1670344322,0,,0.6818563181,,TRUE,0.6818563181,33276.40088,TRUE,CHE,CHEMED CORP NEW,1,TRUE,P1,t_alpha
64,85621,0.01006865297,1.146048409,0.04752399122,-0.1201308453,2.471167216,11.8863564,0.3588138279,-0.8911890068,0.4134743859,0.06068728904,0.004074452308,0.06713847945,227,0.014539524,0.0787140862,0,0.1208238356,0.007108130353,0.1659104093,0,,0.6398649975,,TRUE,0.6398649975,44623.34361,TRUE,MTD,METTLER TOLEDO INTERNATIONAL INC,1,TRUE,P1,t_alpha
65,57665,0.01090309907,0.8135130689,-0.6425089134,0.4191636066,2.470788962,7.790498578,-4.479095832,2.871136162,0.2652857184,0.06572684782,0.004412800622,0.06713847945,227,0.01409342944,0.07616961765,0,0.1308371888,0.007115447207,0.1658850139,0,,0.6409520383,,TRUE,0.6409520383,755774.8238,TRUE,NKE,NIKE INC,1,TRUE,P1,t_alpha
66,64390,0.01037675611,0.7968604412,-0.4778941672,0.4657157024,2.467356782,8.006959568,-3.495647055,3.347154439,0.2670998838,0.06264092397,0.004205616387,0.06713847945,227,0.01397927262,0.07268318864,0.004405286344,0.1245210734,0.007182144793,0.1656545826,0,,0.6662561423,,TRUE,0.6662561423,625473.7313,TRUE,PGR,PROGRESSIVE CORP OH,1,TRUE,P1,t_alpha
67,79678,0.01869674007,0.9161537225,0.103694685,-0.19728597,2.459738514,5.09338407,0.4196672226,-0.784519565,0.1212071171,0.113215385,0.007601108801,0.06713847945,227,0.0221195949,0.1199666121,0.004405286344,0.2243608808,0.007332177919,0.1651431036,0,,0.6387154148,,TRUE,0.6387154148,1335139.396,TRUE,ATVI,ACTIVISION BLIZZARD INC,3,TRUE,P1,t_alpha
68,11404,0.007122587227,0.1381036581,-0.38939738,0.2447791753,2.453581561,2.010402099,-4.126494312,2.54871759,0.1217226245,0.04323801783,0.002902934771,0.06713847945,227,0.007569540616,0.04582981884,0.004405286344,0.08547104673,0.007455457579,0.1647297352,0,,0.5721527717,,TRUE,0.5721527717,332427.4934,TRUE,ED,CONSOLIDATED EDISON INC,1,TRUE,P1,t_alpha
69,22825,0.01908245715,0.7923858247,0.5060673954,0.6220065229,2.442859164,4.286628584,1.992957304,2.406819931,0.1240942764,0.1163494582,0.007811525705,0.06713847945,227,0.0251906801,0.1234905984,0.008810572687,0.2289894858,0.007674544414,0.1640098497,0,,0.7066374024,,TRUE,0.7066374024,22354.3304,TRUE,CMD,CANTEL MEDICAL CORP,1,TRUE,P1,t_alpha
70,24766,0.009583550554,0.6215946223,-0.2680174965,0.6045731868,2.434102776,6.67167291,-2.09411787,4.641366698,0.2360540961,0.0586429792,0.003937200454,0.06713847945,227,0.01330553087,0.06664735738,0,0.1150026066,0.007857673132,0.1634219592,0,,0.6915759724,,TRUE,0.6915759724,314134.7797,TRUE,NOC,NORTHROP GRUMMAN CORP,1,TRUE,P1,t_alpha
71,76185,0.01758219585,0.5251526191,0.7021478944,0.07098042477,2.412536251,3.045098142,2.963840548,0.294390543,0.1003328906,0.1085494843,0.007287847321,0.06713847945,227,0.02142761282,0.1136802591,0.008810572687,0.2109863502,0.008325308807,0.1619740155,0,,0.6529491468,,TRUE,0.6529491468,39795.88546,TRUE,TYL,TYLER TECHNOLOGIES INC,1,TRUE,P1,t_alpha
72,69796,0.01253819825,0.6686036556,0.1115196984,0.3654480525,2.40363029,5.416469556,0.6576724126,2.117594078,0.1413824677,0.07769551743,0.0052163589,0.06713847945,227,0.01657008956,0.08329027561,0.004405286344,0.150458379,0.00852548956,0.1613760828,0,,0.6891617728,,TRUE,0.6891617728,304768.7313,TRUE,STZ,CONSTELLATION BRANDS INC,1,TRUE,P1,t_alpha
73,76932,0.008627319282,0.4214562697,-0.09132260279,0.5103599077,2.40162868,4.95789738,-0.7820486567,4.294287006,0.163496712,0.05350551006,0.003592278588,0.06713847945,227,0.01162923591,0.05811160818,0,0.1035278314,0.008571060994,0.1612416977,0,,0.6932324908,,TRUE,0.6932324908,172070.1233,TRUE,ENB,ENBRIDGE INC,1,TRUE,P1,t_alpha
74,86196,0.01783941556,0.8246949685,1.012746746,-0.293944375,2.40122906,4.690955762,4.193525885,-1.195921431,0.2132438029,0.1106561435,0.007429285218,0.06713847945,227,0.02252797095,0.1239234959,0.004405286344,0.2140729867,0.00858018501,0.1612148679,0,,0.6297367582,,TRUE,0.6297367582,40530.39207,TRUE,ULTI,ULTIMATE SOFTWARE GROUP,3,TRUE,P1,t_alpha
75,20482,0.008514393112,0.4555531964,-0.3770318306,-0.07093130122,2.394841848,5.4147357,-3.262320766,-0.6030392695,0.1289321986,0.05295480318,0.003555304965,0.06713847945,227,0.009389584589,0.05636085722,0,0.1021727173,0.008727184896,0.1607860402,0,,0.5771110793,,TRUE,0.5771110793,1296949.626,TRUE,ABT,ABBOTT LABORATORIES,1,TRUE,P1,t_alpha
76,64936,0.007310244731,0.3874886934,-0.3747705704,0.2415036472,2.393021835,5.360296385,-3.774033299,2.38958765,0.1666202089,0.04550024698,0.003054817397,0.06713847945,227,0.008804577029,0.04950972152,0,0.08772293677,0.008769476943,0.1606638473,0,,0.6160396094,,TRUE,0.6160396094,472015.978,TRUE,D,DOMINION ENERGY INC,1,TRUE,P1,t_alpha
77,39642,0.008817649148,0.5580849326,0.1559639341,-0.03404781301,2.392617241,6.399348106,1.301877431,-0.2792506297,0.1875611191,0.05489187748,0.003685357188,0.06713847945,227,0.01134512828,0.06049381135,0,0.1058117898,0.008778903106,0.1606366835,0,,0.6496644253,,TRUE,0.6496644253,246739.0088,TRUE,BDX,BECTON DICKINSON & CO,1,TRUE,P1,t_alpha
78,43553,0.009553902233,0.8155675823,-0.1342048135,0.4290731017,2.389150752,8.618620147,-1.032419877,3.243236189,0.2767597582,0.05956151524,0.003998869567,0.06713847945,227,0.01385386339,0.0695701049,0,0.1146468268,0.008860032087,0.1604039487,0,,0.6898248986,,TRUE,0.6898248986,235332.815,TRUE,VFC,V F CORP,1,TRUE,P1,t_alpha
79,87034,0.0127489004,0.7657139591,0.739579598,0.2465890099,2.374370618,6.026391886,4.237270666,1.388142415,0.2453517088,0.07997471807,0.005369380965,0.06713847945,227,0.01816559564,0.09144893103,0,0.1529868048,0.009213412456,0.1594116329,0,,0.6881159624,,TRUE,0.6881159624,82134.64317,TRUE,LII,LENNOX INTERNATIONAL INC,1,TRUE,P1,t_alpha
80,62033,0.01419983368,0.8257547126,0.7698706618,0.5770083059,2.371977412,5.828990885,3.956130091,2.913358183,0.2354283903,0.08916639485,0.005986496168,0.06713847945,227,0.02087329087,0.1012955428,0.004405286344,0.1703980042,0.009271785491,0.1592509567,0,,0.7138241096,,TRUE,0.7138241096,18381.17181,TRUE,RAVN,RAVEN INDUSTRIES INC,3,TRUE,P1,t_alpha
81,82581,0.01209199712,0.4317995365,0.4633706218,0.3394437798,2.36455613,3.568196713,2.787440409,2.006337423,0.1143118894,0.0761687636,0.005113854969,0.06713847945,227,0.01581792593,0.08039604981,0,0.1451039654,0.009454875817,0.1587527031,0,,0.6815621276,,TRUE,0.6815621276,127203.3833,TRUE,HSIC,SCHEIN HENRY INC,3,TRUE,P1,t_alpha
82,80563,0.01655806332,1.187202614,-0.07405487111,0.1497188411,2.35788469,7.144188284,-0.3244084493,0.6444274132,0.1939674428,0.1045960961,0.007022422849,0.06713847945,227,0.02171408718,0.1157277196,0.004405286344,0.1986967599,0.009622176007,0.1583047928,0,,0.6499722344,,TRUE,0.6499722344,180205.9868,TRUE,PENN,PENN NATIONAL GAMING INC,3,TRUE,P1,t_alpha
83,42877,0.01246025907,1.031229946,0.1582466446,0.5870403607,2.339120935,8.180806947,0.9138725175,3.331026528,0.2737599694,0.07934195458,0.005326898187,0.06713847945,227,0.01871681113,0.09248280963,0,0.1495231088,0.01010675936,0.1570450228,0,,0.7010701331,,TRUE,0.7010701331,237941.4097,TRUE,JBHT,HUNT J B TRANSPORT SERVICES INC,3,TRUE,P1,t_alpha
84,10395,0.01049990691,0.3231752182,0.3411958777,0.08768269403,2.335839876,3.03816037,2.335000071,0.5895980396,0.0813883018,0.06695312917,0.004495131286,0.06713847945,227,0.01280045395,0.06939099348,0.008810572687,0.1259988829,0.01019366166,0.1568247375,0,,0.639017702,,TRUE,0.639017702,12084.51542,TRUE,NAVG,NAVIGATORS GROUP INC,3,TRUE,P1,t_alpha
85,81540,0.01146126644,0.4007232453,-0.02141648887,0.6207854372,2.331660562,3.445024212,-0.1340313813,3.817321736,0.1066481353,0.07321427741,0.004915495259,0.06713847945,227,0.01484153562,0.07694541003,0,0.1375351972,0.01030530496,0.1565441447,0,,0.6681696476,,TRUE,0.6681696476,383323.2555,TRUE,ABC,AMERISOURCEBERGEN CORP,1,TRUE,P1,t_alpha
86,27562,0.01327329132,0.5526507957,0.1056380472,0.5013723323,2.309551764,4.063636926,0.5654509548,2.636901849,0.09974337696,0.0856011156,0.00574712874,0.06713847945,227,0.01720486948,0.08961784039,0.004405286344,0.1592794958,0.0109139395,0.1550597936,0,,0.6650396383,,TRUE,0.6650396383,100861.3392,TRUE,CBRL,CRACKER BARREL OLD COUNTRY STORE,3,TRUE,P1,t_alpha
87,10696,0.009219824318,1.011202332,-0.5721658281,0.1945918692,2.303820709,10.67773452,-4.398184582,1.46972218,0.3514710247,0.05960771402,0.004001971282,0.06713847945,227,0.01272899562,0.07352516139,0,0.1106378918,0.01107676076,0.1546750193,0,,0.5997203332,,TRUE,0.5997203332,288441.3877,TRUE,FISV,FISERV INC,3,TRUE,P1,t_alpha
88,86580,0.02339235849,1.981041442,0.8191515269,-0.704364869,2.300325559,8.232350999,2.478021341,-2.093618307,0.3134768303,0.1514653194,0.01016915123,0.06713847945,227,0.03125427789,0.1815866085,0.008810572687,0.2807083019,0.01117709989,0.1544403603,0,,0.5962333645,,TRUE,0.5962333645,2400345.207,TRUE,NVDA,NVIDIA CORP,3,TRUE,P1,t_alpha
89,82515,0.01106636389,0.9870764798,0.3619763312,0.8900514992,2.294480845,8.64859016,2.308793901,5.578008245,0.3466095688,0.07183713597,0.004823036077,0.06713847945,227,0.01843865614,0.0882796975,0,0.1327963667,0.01134666872,0.154047955,0,,0.7235341799,,TRUE,0.7235341799,65118.96916,TRUE,POOL,POOL CORP,3,TRUE,P1,t_alpha
90,87267,0.01158510399,0.9288052233,0.3548949406,0.5606616776,2.292825662,7.768027794,2.160709637,3.353949322,0.2757111777,0.07525881942,0.005052762701,0.06713847945,227,0.01775984602,0.08784149565,0,0.1390212478,0.01139509653,0.1539368286,0,,0.7003741321,,TRUE,0.7003741321,96534.25991,TRUE,BLK,BLACKROCK INC,1,TRUE,P1,t_alpha
91,63467,0.00960319853,0.5843458031,-0.06863858744,0.4742198309,2.282359997,5.868852476,-0.5018363087,3.406688914,0.1720234303,0.06267008147,0.004207573977,0.06713847945,227,0.01321961003,0.06841470327,0,0.1152383824,0.01170550989,0.1532341798,0,,0.6693600974,,TRUE,0.6693600974,126223.5286,TRUE,BRO,BROWN & BROWN INC,1,TRUE,P1,t_alpha
92,81736,0.0137005445,0.5744585645,0.8099185263,-0.1788559514,2.269467657,4.021239158,4.127176163,-0.8955175314,0.1833149852,0.08991710769,0.006036897886,0.06713847945,227,0.01726107655,0.09883556454,0,0.164406534,0.01209803679,0.1523686076,0,,0.6049859021,,TRUE,0.6049859021,140314.0925,TRUE,RMD,RESMED INC,1,TRUE,P1,t_alpha
93,78981,0.009638773836,0.5919740165,0.6022720467,0.2431439531,2.269395674,5.889875318,4.362210737,1.730359861,0.2442214592,0.06326158464,0.0042472866,0.06713847945,227,0.01404110342,0.07228380406,0.004405286344,0.115665286,0.01210026028,0.1523637748,0,,0.6729005157,,TRUE,0.6729005157,82138.45374,TRUE,LSTR,LANDSTAR SYSTEM INC,3,TRUE,P1,t_alpha
94,82307,0.01432276818,0.6027336627,0.1008224718,0.560000186,2.267143024,4.031739167,0.4909472137,2.679320417,0.09890079749,0.09409716583,0.006317540634,0.06713847945,227,0.01861803189,0.09846648888,0.004405286344,0.1718732182,0.01217002327,0.1522125353,0,,0.6549919171,,TRUE,0.6549919171,198394.2687,TRUE,DVA,DAVITA INC,1,TRUE,P1,t_alpha
95,84062,0.01608053417,0.6315716159,0.5442175694,0.2841431974,2.265934527,3.760837023,2.359092377,1.21023212,0.105329226,0.1057016126,0.007096645547,0.06713847945,227,0.02064058907,0.1110064463,0.004405286344,0.1929664101,0.01220759403,0.1521313987,0,,0.6441166283,,TRUE,0.6441166283,51681.31718,TRUE,BJRI,BJS RESTAURANTS INC,3,TRUE,P1,t_alpha
96,82303,0.00839939156,0.5098737381,-0.3560806742,0.5868835949,2.260539065,5.798849756,-2.948072066,4.774200845,0.2240687462,0.05534320547,0.003715658663,0.06713847945,227,0.01142528938,0.06240952816,0,0.1007926987,0.01237656971,0.1517691555,0,,0.6341718095,,TRUE,0.6341718095,86854.80176,TRUE,RE,EVEREST RE GROUP LTD,1,TRUE,P1,t_alpha
97,82634,0.01374415815,0.5610177703,0.3531233794,0.6684097375,2.255552785,3.890688786,1.782735146,3.315600113,0.1215071275,0.09075982454,0.006093476614,0.06713847945,227,0.01871064472,0.09618840835,0.004405286344,0.1649298978,0.01253454032,0.1514343843,0,,0.6738397664,,TRUE,0.6738397664,19910.88106,TRUE,SAM,BOSTON BEER INC,1,TRUE,P1,t_alpha
98,77629,0.01388195876,1.020787913,0.7727898749,0.2088257452,2.252710954,7.000116437,3.85781722,1.024290836,0.2731314119,0.09178543659,0.006162334648,0.06713847945,227,0.02030993388,0.1069409504,0.004405286344,0.1665835052,0.01262535646,0.1512435881,0,,0.6578927388,,TRUE,0.6578927388,14133.91189,TRUE,USPH,U S PHYSICAL THERAPY INC,1,TRUE,P1,t_alpha
99,11674,0.006872909149,0.3940012583,-0.3002023331,0.3354461872,2.252100483,5.455816984,-3.026124047,3.322420109,0.1760268692,0.04545496612,0.003051777309,0.06713847945,227,0.00882032928,0.04974197506,0,0.08247490979,0.01264493988,0.151202602,0,,0.6142602273,,TRUE,0.6142602273,201610.4317,TRUE,DTE,D T E ENERGY CO,1,TRUE,P1,t_alpha
100,20598,0.02088825962,0.3716059123,0.9348188411,0.6266404223,2.250645694,1.692008399,3.098545196,2.040834596,0.07350698533,0.1382367846,0.009281007525,0.06713847945,227,0.02618371449,0.1426595208,0.004405286344,0.2506591155,0.01269171501,0.1511049297,0,,0.6358008713,,TRUE,0.6358008713,59159.13656,TRUE,CALM,CAL MAINE FOODS INC,3,TRUE,P1,t_alpha
101,48653,0.01442066798,0.7894236443,-0.03469076971,1.017810151,2.239573004,5.180897497,-0.1657369281,4.777835029,0.1830338193,0.09590663489,0.006439025635,0.06713847945,227,0.02050840581,0.1054010229,0.004405286344,0.1730480158,0.01305269576,0.1503615261,0,,0.6740276304,,TRUE,0.6740276304,340813.37,TRUE,HUM,HUMANA INC,1,TRUE,P1,t_alpha
102,11343,0.01452196868,0.6331386488,0.1671611277,0.2799041749,2.211420081,4.074361903,0.7830807511,1.288367188,0.08606575938,0.09780988441,0.006566806914,0.06713847945,227,0.01828053035,0.1016303645,0,0.1742636242,0.01401100729,0.1484713817,0,,0.6230973883,,TRUE,0.6230973883,66088.52423,TRUE,SAFM,SANDERSON FARMS INC,3,TRUE,P1,t_alpha
103,76868,0.01253510818,0.7871540711,0.5049247861,0.3775120223,2.210749824,5.866597363,2.739452067,2.012458001,0.1976164198,0.08445337041,0.005670070873,0.06713847945,227,0.01791951897,0.09365353655,0,0.1504212982,0.01403454775,0.1484263816,0,,0.6628157025,,TRUE,0.6628157025,17021.88987,TRUE,AAON,AAON INC,3,TRUE,P1,t_alpha
104,43449,0.007043598882,0.6807052578,-0.5336640338,0.1945188949,2.209680822,9.02420723,-5.150250682,1.844511004,0.3034103493,0.04747812596,0.003187609184,0.06713847945,227,0.009274270728,0.05650713278,0,0.08452318658,0.01407216375,0.1483546104,0,,0.5685479802,,TRUE,0.5685479802,1292133.947,TRUE,MCD,MCDONALDS CORP,1,TRUE,P1,t_alpha
105,83509,0.01578603791,0.04003774079,0.6717170429,0.4481914597,2.208110921,0.2366640716,2.89041109,1.894941676,0.04613999725,0.1064831168,0.007149114548,0.06713847945,227,0.01865141979,0.1083020425,0,0.1894324549,0.0141275639,0.1482492097,0,,0.5965761302,,TRUE,0.5965761302,92551.53304,TRUE,FCN,F T I CONSULTING INC,1,TRUE,P1,t_alpha
106,16600,0.008509989853,0.09006573812,-0.1724378788,0.32670341,2.19412912,0.9813135051,-1.367701471,2.546075822,0.04646199496,0.05776906784,0.003878527374,0.06713847945,227,0.009451753176,0.05876578855,0.004405286344,0.1021198782,0.01462936892,0.1473104928,0,,0.5571580719,,TRUE,0.5571580719,228992.9031,TRUE,HSY,HERSHEY CO,1,TRUE,P1,t_alpha
107,86228,0.008556095941,0.5234345837,-0.1028716164,0.5950310152,2.185464435,5.649962108,-0.8083308695,4.594013079,0.1936535746,0.05831233084,0.003915001226,0.06713847945,227,0.01219551698,0.06450565369,0,0.1026731513,0.01494803208,0.146728759,0,,0.6549272453,,TRUE,0.6549272453,298353.4846,TRUE,RSG,REPUBLIC SERVICES INC,1,TRUE,P1,t_alpha
108,67847,0.02122934188,0.2423941937,0.2440790093,0.06816117125,2.17970713,1.051716895,0.77093462,0.2115354627,0.01012158884,0.1450664172,0.009739538668,0.06713847945,227,0.0229367299,0.1448352158,0.004405286344,0.2547521026,0.01516307657,0.1463422224,0,,0.5485900833,,TRUE,0.5485900833,123016.7577,TRUE,RGLD,ROYAL GOLD INC,3,TRUE,P1,t_alpha
109,77447,0.01257089361,0.3361242139,0.2982759867,0.3556275829,2.177407214,2.460301493,1.589341782,1.861887649,0.05588853489,0.0859913946,0.005773331479,0.06713847945,227,0.01560112982,0.08791066564,0,0.1508507233,0.01524972719,0.1461878095,0,,0.6147592969,,TRUE,0.6147592969,25335.62996,TRUE,ICUI,I C U MEDICAL INC,3,TRUE,P1,t_alpha
110,48506,0.0103352614,0.9553965027,0.006713863823,0.2179701976,2.177213648,8.505077081,0.04350885096,1.387909751,0.2606003246,0.07070480295,0.004747012959,0.06713847945,227,0.01490355612,0.0816784524,0,0.1240231368,0.01525703937,0.1461748138,0,,0.632081428,,TRUE,0.632081428,361570.9339,TRUE,MCO,MOODYS CORP,1,TRUE,P1,t_alpha
111,25232,0.009895609733,0.8474291342,-0.09735915961,0.6454864985,2.172457162,7.861892069,-0.6575230501,4.283318327,0.2657125216,0.06784531082,0.004555031006,0.06713847945,227,0.01502389907,0.07864751179,0.004405286344,0.1187473168,0.01543767666,0.1458554705,0,,0.6617413805,,TRUE,0.6617413805,244470.022,TRUE,OKE,ONEOK INC NEW,1,TRUE,P1,t_alpha
112,82654,0.0061844843,0.979347996,-0.1123007821,0.7035977555,2.170036635,14.52163904,-1.212193242,7.462297276,0.5462932924,0.04244875181,0.002849944651,0.06713847945,227,0.0119902538,0.06260017345,0,0.0742138116,0.01553030872,0.14569296,0,,0.6635038731,,TRUE,0.6635038731,129049.8326,TRUE,RY,ROYAL BANK CANADA MONTREAL QUE,1,TRUE,P1,t_alpha
113,71475,0.00873090229,0.2092661337,0.05233113395,0.4660308998,2.169504072,2.197431351,0.4000248677,3.500262226,0.07157140575,0.05994143796,0.004024377001,0.06713847945,227,0.01103623903,0.06179468395,0,0.1047708275,0.01555075391,0.1456572045,0,,0.6186722063,,TRUE,0.6186722063,22771.5022,TRUE,AWR,AMERICAN STATES WATER CO,1,TRUE,P1,t_alpha
114,79133,0.007518491236,0.7111478342,0.02189626834,0.2425800999,2.16086353,8.637171791,0.1935941598,2.107348385,0.2724389878,0.05182411055,0.003479391981,0.06713847945,227,0.01118452163,0.06035251321,0.008810572687,0.09022189483,0.01588572962,0.1450770917,0,,0.64196696,,TRUE,0.64196696,45417.10573,TRUE,ATR,APTARGROUP INC,1,TRUE,P1,t_alpha
115,62148,0.009062252278,1.039807208,-0.09416603438,0.5338748439,2.146400907,10.4074071,-0.6861111539,3.82207037,0.3587614934,0.06288597574,0.004222068789,0.06713847945,227,0.01466916372,0.07800855239,0.004405286344,0.1087470273,0.01646035781,0.1441060932,0,,0.651409008,,TRUE,0.651409008,1038825.934,TRUE,CSX,C S X CORP,3,TRUE,P1,t_alpha
116,84010,0.02647196244,0.3407216037,1.134360442,0.6966076273,2.145464555,1.166943693,2.828210838,1.706506542,0.05415618493,0.1837779035,0.012338569,0.06713847945,227,0.0322618019,0.1877075714,0,0.3176635493,0.0164981707,0.1440432279,0,,0.5953844016,,TRUE,0.5953844016,33036.76652,TRUE,USNA,USANA HEALTH SCIENCES INC,1,TRUE,P1,t_alpha
117,52898,0.008967342026,0.1455541439,-0.03016504815,0.2724811291,2.145074944,1.471357928,-0.221977145,1.97015181,0.0270151868,0.06226582741,0.004180432974,0.06713847945,227,0.01028242847,0.06270395647,0,0.1076081043,0.01651392647,0.14401707,0,,0.568056293,,TRUE,0.568056293,121620.1057,TRUE,WTRG,ESSENTIAL UTILITIES INC,1,TRUE,P1,t_alpha
118,42550,0.01594810867,1.398010856,0.2069079486,-0.218411147,2.140854816,7.930555304,0.8544383015,-0.8862114479,0.2510130329,0.1109559175,0.007449411585,0.06713847945,227,0.02151052528,0.1273536951,0.008810572687,0.191377304,0.01668541998,0.143733737,0,,0.585099987,,TRUE,0.585099987,21816.86784,TRUE,NEU,NEWMARKET CORP,1,TRUE,P1,t_alpha
119,10909,0.01490702524,0.6102821006,0.9867232094,-0.3922610489,2.128675018,3.682680424,4.334502158,-1.693082373,0.1932284476,0.1043061996,0.007002959638,0.06713847945,227,0.0183771983,0.1153541029,0,0.1788843028,0.01718899895,0.142916004,0,,0.5518701174,,TRUE,0.5518701174,249702.0529,TRUE,CERN,CERNER CORP,3,TRUE,P1,t_alpha
120,24010,0.007844274212,0.318983551,-0.4419350574,0.3152974236,2.123413819,3.648927084,-3.680152621,2.579804647,0.1286365081,0.05502329911,0.003694180636,0.06713847945,227,0.00912628311,0.05855246166,0.004405286344,0.09413129055,0.01741053664,0.142562775,0,,0.5399324156,,TRUE,0.5399324156,274748.0837,TRUE,ETR,ENTERGY CORP NEW,1,TRUE,P1,t_alpha
121,62498,0.008844385527,0.7159719283,0.3883887034,0.4457221104,2.122974109,7.262531876,2.86793382,3.233893675,0.2677713009,0.06205138312,0.00416603551,0.06713847945,227,0.0138852747,0.07203213793,0,0.1061326263,0.0174291625,0.1425332536,0,,0.66775753,,TRUE,0.66775753,40867.30837,TRUE,WST,WEST PHARMACEUTICAL SERVICES INC,1,TRUE,P1,t_alpha
122,65541,0.01219272366,0.5651483759,0.1685716673,0.2458415285,2.115543345,4.143799226,0.8997695312,1.289320746,0.09003874241,0.08584347738,0.005763400542,0.06713847945,227,0.01557706755,0.08939105497,0.004405286344,0.1463126839,0.01774652608,0.1420343634,0,,0.6036459117,,TRUE,0.6036459117,99387.48458,TRUE,COO,COOPER COMPANIES INC,1,TRUE,P1,t_alpha
123,10026,0.009836407684,0.5118639826,0.576146344,0.4014475154,2.105296747,4.629631184,3.793456537,2.597108537,0.1836449507,0.06959077928,0.004672219104,0.06713847945,227,0.01430720458,0.07650862026,0,0.1180368922,0.01819228528,0.1413464224,0,,0.6477911944,,TRUE,0.6477911944,10607.90308,TRUE,JJSF,J & J SNACK FOODS CORP,3,TRUE,P1,t_alpha
124,73139,0.00841372485,0.6915389448,-0.1611390381,0.3086222175,2.096263033,7.280968253,-1.235047726,2.32417692,0.2081643995,0.05978208098,0.004013678015,0.06713847945,227,0.01180183089,0.06673470249,0,0.1009646982,0.01859321465,0.1407399126,0,,0.6126159241,,TRUE,0.6126159241,309804.4537,TRUE,SYK,STRYKER CORP,1,TRUE,P1,t_alpha
125,67774,0.007099881149,0.5617827428,-0.2356328683,0.5102879612,2.09424114,7.002595274,-2.138144149,4.549623483,0.2450602677,0.05049552487,0.003390192759,0.06713847945,227,0.01037426941,0.05772912319,0,0.08519857379,0.01868397922,0.1406041658,0,,0.6225198207,,TRUE,0.6225198207,103768.3965,TRUE,TRP,T C ENERGY CORP,1,TRUE,P1,t_alpha
126,11552,0.01908266448,0.4784614034,1.754270788,-0.8443343593,2.094047603,2.218755616,5.922017281,-2.800570597,0.2425305244,0.1357315983,0.009112813123,0.06713847945,227,0.0223364527,0.1549161185,0,0.2289919738,0.01869268714,0.140591172,0,,0.4994686327,,TRUE,0.4994686327,746435.8855,TRUE,CELG,CELGENE CORP,3,TRUE,P1,t_alpha
127,32678,0.01385612209,0.6474629586,0.6299352421,0.5587673947,2.08671589,4.120515701,2.918387999,2.54353199,0.1410229443,0.09890241064,0.006640157464,0.06713847945,227,0.01944858878,0.1060020605,0.008810572687,0.1662734651,0.01902513803,0.1400989319,0,,0.6355714923,,TRUE,0.6355714923,26369.13216,TRUE,HEI,HEICO CORP NEW,1,TRUE,P1,t_alpha
128,75591,0.007245542034,1.069786143,0.1032946403,0.3668173282,2.082539676,12.9937467,0.9133257338,3.186814418,0.4647505097,0.05182103647,0.003479185592,0.06713847945,227,0.01291432028,0.07036005589,0.004405286344,0.08694650441,0.01921675856,0.1398185472,0,,0.635822658,,TRUE,0.635822658,65659.03084,TRUE,IEX,IDEX CORP,1,TRUE,P1,t_alpha
129,76856,0.01482610786,0.5142032921,0.7844429763,0.4401151966,2.076712363,3.043680558,3.380150792,1.863374225,0.1138348537,0.1063357518,0.007139220684,0.06713847945,227,0.01985684142,0.1122070605,0.01321585903,0.1779132943,0.0194868962,0.1394273103,0,,0.6130284148,,TRUE,0.6130284148,41916.31278,TRUE,FCFS,FIRSTCASH INC,3,TRUE,P1,t_alpha
130,77649,0.009911351802,0.6089443061,0.05257686589,0.1335096369,2.076421951,5.391074306,0.3388464322,0.8454342947,0.1272722246,0.07109610018,0.004773284061,0.06713847945,227,0.01290948542,0.07559700536,0.008810572687,0.1189362216,0.0195004434,0.1394078125,0,,0.5915547724,,TRUE,0.5915547724,93754.76211,TRUE,STE,STERIS PLC NEW,1,TRUE,P1,t_alpha
131,85945,0.01292486409,0.8064262919,0.3925016106,0.4322220144,2.07227505,5.463879539,1.935924248,2.094656543,0.1637432249,0.09289815433,0.006237040825,0.06713847945,227,0.01830788725,0.1009102943,0.01321585903,0.155098369,0.01969476923,0.1391293958,0,,0.6284827747,,TRUE,0.6284827747,11477.88106,TRUE,HEI,HEICO CORP NEW,1,TRUE,P1,t_alpha
132,26614,0.006471056096,0.3119197665,0.269218975,0.1763706127,2.071077659,4.218704833,2.650650018,1.706207981,0.1306410686,0.04653795332,0.003124487422,0.06713847945,227,0.008827263643,0.04957993253,0,0.07765267316,0.01975118656,0.1390490048,0,,0.6167523165,,TRUE,0.6167523165,36423.59471,TRUE,SJI,SOUTH JERSEY INDS INC,1,TRUE,P1,t_alpha
133,38762,0.0075715591,0.6759568164,-0.6278350369,0.4606909779,2.065440031,7.792220785,-5.268637574,3.798582008,0.2993098902,0.05460107905,0.003665833424,0.06713847945,227,0.01034587499,0.06479424649,0.004405286344,0.0908587092,0.02001867362,0.1386705031,0,,0.5531226026,,TRUE,0.5531226026,436130.2819,TRUE,NI,NISOURCE INC,1,TRUE,P1,t_alpha
134,27043,0.00918019282,0.6311003781,0.07466651939,0.2963268068,2.064220923,5.996776144,0.5164827045,2.014001734,0.1617937926,0.06624057996,0.004447291816,0.06713847945,227,0.01278216384,0.07186987704,0.004405286344,0.1101623138,0.02007692139,0.138588654,0,,0.6160955915,,TRUE,0.6160955915,182143.5154,TRUE,VAR,VARIAN MEDICAL SYSTEMS INC,1,TRUE,P1,t_alpha
135,10200,0.02475385645,0.9548443528,2.008561276,-1.9868629,2.062174698,3.361477385,5.1474623,-5.00305195,0.3001460208,0.1787911069,0.01200376305,0.06713847945,227,0.02723346813,0.2122953134,0,0.2970462774,0.02017501336,0.1384512736,0,,0.4443786319,,TRUE,0.4443786319,50328.11894,TRUE,RGEN,REPLIGEN CORP,3,TRUE,P1,t_alpha
136,21742,0.01018409941,0.5930340366,-0.1725357279,0.4858001284,2.058339628,5.065111958,-1.072751051,2.967813164,0.1352984267,0.0736943332,0.004947725475,0.06713847945,227,0.01365011809,0.07872255499,0.008810572687,0.122209193,0.02035996113,0.1381937928,0,,0.600658809,,TRUE,0.600658809,73628.57269,TRUE,CASY,CASEYS GENERAL STORES INC,3,TRUE,P1,t_alpha
137,76095,0.01501700707,1.397679336,0.5029302887,-0.4526445522,2.054107917,8.079089881,2.116280187,-1.87146494,0.295180087,0.1088901579,0.007310719628,0.06713847945,227,0.02053233057,0.1288391221,0.008810572687,0.1802040848,0.02056571411,0.1379096822,0,,0.5520534319,,TRUE,0.5520534319,421951.4097,TRUE,HOLX,HOLOGIC INC,3,TRUE,P1,t_alpha
138,39571,0.007838137236,1.005354155,0.449258426,0.6495520135,2.049666956,11.10975644,3.614033474,5.134154058,0.4495684003,0.05695843688,0.003824102844,0.06713847945,227,0.01478138975,0.07626136865,0,0.09405764683,0.02078354559,0.1376115228,0,,0.6714308569,,TRUE,0.6714308569,69296.70044,TRUE,GGG,GRACO INC,1,TRUE,P1,t_alpha
139,24942,0.008764364827,0.6252853371,-0.460086774,0.473804428,2.047362469,6.172591825,-3.306279334,3.345476103,0.2027731434,0.0637608662,0.004280807605,0.06713847945,227,0.01172181854,0.07093514487,0,0.1051723779,0.02089735491,0.1374568031,0,,0.5724323337,,TRUE,0.5724323337,441892,TRUE,RTN,RAYTHEON CO,1,TRUE,P1,t_alpha
140,24053,0.007090101058,0.5921750187,-0.05700608808,0.202722757,2.046915297,7.224579138,-0.5062839838,1.769027061,0.2021195723,0.05159184424,0.003463797974,0.06713847945,227,0.009986095169,0.05737336981,0.004405286344,0.0850812127,0.02091950037,0.1374267806,0,,0.6029425937,,TRUE,0.6029425937,169381.6608,TRUE,EVRG,EVERGY INC,1,TRUE,P1,t_alpha
141,61516,0.01016665395,0.7956767118,1.073768871,0.09615229324,2.045580666,6.765349539,6.64622257,0.5847668456,0.3575901808,0.07402696262,0.004970057709,0.06713847945,227,0.01598130303,0.0917449265,0,0.1219998475,0.02098571467,0.1373371755,0,,0.6034214615,,TRUE,0.6034214615,20303.9207,TRUE,BIO,BIO RAD LABORATORIES INC,1,TRUE,P1,t_alpha
142,84385,0.01981812833,1.176663967,1.119564963,-0.6312774389,2.037372285,5.111816274,3.540646427,-1.961609484,0.2186063558,0.1448841046,0.009727298478,0.06713847945,227,0.02521437638,0.162811102,0,0.23781754,0.02139689073,0.1367860773,0,,0.5364816089,,TRUE,0.5364816089,52249.51101,TRUE,NSP,INSPERITY INC,1,TRUE,P1,t_alpha
143,13856,0.005449737148,0.476265331,-0.3912124343,0.1079494329,2.035427726,7.516992607,-4.494881877,1.218666918,0.2318517778,0.03987937733,0.002677440755,0.06713847945,227,0.006892257986,0.04519850454,0.004405286344,0.06539684577,0.02149529657,0.1366555225,0,,0.5282361056,,TRUE,0.5282361056,1112919.317,TRUE,PEP,PEPSICO INC,3,TRUE,P1,t_alpha
144,77702,0.01035766952,0.8383282726,0.3605863861,0.2644066138,2.03254458,6.951958437,2.176771582,1.568320685,0.2277220662,0.07590151928,0.005095912592,0.06713847945,227,0.01532418624,0.08579497815,0,0.1242920342,0.02164190887,0.1364619525,0,,0.6187371272,,TRUE,0.6187371272,1537593.48,TRUE,SBUX,STARBUCKS CORP,3,TRUE,P1,t_alpha
145,24440,0.006354729198,0.578496928,-0.1522089901,0.4389022979,2.029217023,7.806341207,-1.495193004,4.236271926,0.2629146987,0.0466441357,0.003131616346,0.06713847945,227,0.00966960064,0.05396800781,0,0.07625675037,0.02181217674,0.1362385454,0,,0.6206728866,,TRUE,0.6206728866,130372.348,TRUE,OGE,O G E ENERGY CORP,1,TRUE,P1,t_alpha
146,82800,0.01367040576,1.078824458,0.2344854929,0.3782386777,2.023298611,6.747523189,1.067628258,1.692111749,0.1983400903,0.1006352016,0.006756494413,0.06713847945,227,0.0196859466,0.1116485405,0,0.1640448691,0.02211783115,0.1358411922,0,,0.6107927532,,TRUE,0.6107927532,331184.7885,TRUE,SCCO,SOUTHERN COPPER CORP,1,TRUE,P1,t_alpha
147,86091,0.00767035889,0.3340131622,0.5782703416,0.9199408622,2.014716991,3.707464229,4.672558917,7.303697885,0.2751950263,0.05670614638,0.003807164443,0.06713847945,227,0.01289823723,0.06616339231,0,0.09204430667,0.02256748542,0.1352650353,0,,0.67531006,,TRUE,0.67531006,11272.6696,TRUE,SBSI,SOUTHSIDE BANCSHARES INC,3,TRUE,P1,t_alpha