,t_alpha,appraisal_ratio,sharpe,alpha,period,eb_alpha
t_alpha,1.0,1.0,0.8163454200636197,0.272049656589774,P1,
appraisal_ratio,1.0,1.0,0.8163454200636197,0.272049656589774,P1,
sharpe,0.8163454200636197,0.8163454200636197,1.0,0.17713016343153332,P1,
alpha,0.272049656589774,0.272049656589774,0.17713016343153332,1.0,P1,
t_alpha,1.0,1.0,0.6401974836757446,0.3563146997929607,P2,0.806450071667463
appraisal_ratio,1.0,1.0,0.6401974836757446,0.3563146997929607,P2,0.806450071667463
sharpe,0.6401974836757446,0.6401974836757446,1.0,-0.021675426023252113,P2,0.7114349418697246
alpha,0.3563146997929607,0.3563146997929607,-0.021675426023252113,1.0,P2,-0.15868768912247175
eb_alpha,0.806450071667463,0.806450071667463,0.7114349418697246,-0.15868768912247175,P2,1.0
