period,rank_metric,n_names,alive_at_end,oos_ex_ret_ann,oos_vol_ann,oos_sharpe,oos_alpha_ann,oos_t_alpha,oos_beta,oos_r2,note
P1,t_alpha,50.0,49.0,0.21885936206662188,0.1606006359094003,1.3627552644940153,0.045007132580780956,0.9027471644319773,0.7402111351142318,0.8978069550864332,t_alpha 상위 50
P1,appraisal_ratio,50.0,49.0,0.21885936206662188,0.1606006359094003,1.3627552644940153,0.045007132580780956,0.9027471644319773,0.7402111351142318,0.8978069550864332,appraisal_ratio 상위 50
P1,sharpe,50.0,50.0,0.19541263743874043,0.18106556222375408,1.0792369075531698,0.01547950623251026,0.3042711997299315,0.7724376040050724,0.91628443070914,sharpe 상위 50
P1,alpha,50.0,48.0,0.2857866673410374,0.20394065400967828,1.4013226971777533,0.024388705383522814,0.5236834835559412,0.913087504229862,0.9447009637342167,alpha 상위 50
P1,eb_alpha,,,,,,,,,,순위 정의 불가 (τ̂²=0 등) → 비교 제외
P1,(랭킹 없음) 게이트 통과 전체,147.0,142.0,0.2264005069142827,0.1743517714056201,1.2985271390651603,0.03871549506849799,0.8377647961570277,0.7858594076908483,0.925499681542084,147종목 EW
P1,(기준선) balanced 유니버스,1577.0,1445.0,0.2295366733985521,0.28035354778677873,0.8187400345406896,0.02536918906457967,0.8955828919328851,0.9819167046631251,0.9891738281438966,1577종목 EW
P2,t_alpha,50.0,50.0,0.19886166101605168,0.14395930638524437,1.381374125851128,0.036062706007445516,0.6694867152636648,0.6298585318336217,0.8515300229287223,t_alpha 상위 50
P2,appraisal_ratio,50.0,50.0,0.19886166101605168,0.14395930638524437,1.381374125851128,0.036062706007445516,0.6694867152636648,0.6298585318336217,0.8515300229287223,appraisal_ratio 상위 50
P2,sharpe,50.0,49.0,0.2612573728672613,0.1695302261278216,1.541066621773274,0.03742849510411946,0.629941084859834,0.7954214491360947,0.8697445157875727,sharpe 상위 50
P2,alpha,50.0,50.0,0.2575361257216359,0.17636601489520987,1.460236689447535,0.05021463768359267,0.8308141307135415,0.7639627156696509,0.8754600889770677,alpha 상위 50
P2,eb_alpha,50.0,49.0,0.2008757552154637,0.14314228329552872,1.4033292650553824,0.055795264747221233,0.930241747280572,0.6133888537401336,0.8138116129524137,eb_alpha 상위 50
P2,(랭킹 없음) 게이트 통과 전체,91.0,89.0,0.21596541607704722,0.16115581537041024,1.3401031516030575,0.04476715601717299,0.8354282599534358,0.7089166833182369,0.8827550462096654,91종목 EW
P2,(기준선) balanced 유니버스,2422.0,2187.0,0.24851384169573945,0.2901528176837639,0.856492946301812,0.025005090042701072,0.7489324255212324,1.0134848097274838,0.985958825727408,2422종목 EW
-,(기준선) Market (Mkt-RF),,,0.25265000000000004,0.21418437354196784,1.1795911896929077,,,1.0,1.0,벤치마크
