View_Description,Target_Return,Confidence,DPZ,MKTX,AWK,NI,UNH,CTAS,EXPO,TDG,WDFC,FISV,HEI,CMS,NEE,TTC,JKHY,ORLY,ROL,AFG,POOL,AVGO
[2018-12-31] Top5_minus_Bottom5 (Omega var: 0.0107590707),0.0630832969,0.0833,0.0,-0.2,-0.2,0.0,0.0,0.0,0.2,-0.2,0.2,0.0,0.2,0.0,0.0,0.0,0.0,-0.2,0.2,0.2,0.0,-0.2
[2019-01-31] Top5_minus_Bottom5 (Omega var: 0.0110055858),0.0658658283,0.0638,-0.2,0.0,0.0,0.0,-0.2,0.0,0.2,-0.2,0.2,-0.2,0.0,0.0,0.0,0.2,0.0,0.0,0.2,0.0,0.2,-0.2
[2019-02-28] Top5_minus_Bottom5 (Omega var: 0.0143081407),0.0536229777,0.0564,-0.2,-0.2,0.0,0.2,0.0,0.0,0.2,-0.2,0.2,0.0,0.2,0.0,0.0,0.0,0.0,-0.2,0.0,0.2,0.0,-0.2
[2019-03-29] Top5_minus_Bottom5 (Omega var: 0.0144272342),0.0694522494,0.0679,-0.2,-0.2,0.0,0.0,-0.2,0.0,0.2,-0.2,0.2,0.0,0.2,0.0,0.0,0.0,0.0,0.0,0.2,0.2,0.0,-0.2
[2019-04-30] Top5_minus_Bottom5 (Omega var: 0.0150207546),0.0666022396,0.0567,-0.2,-0.2,0.0,0.2,-0.2,0.0,0.2,-0.2,0.2,0.0,0.0,0.0,0.2,0.0,0.0,0.0,0.2,0.0,0.0,-0.2
[2019-05-31] Top5_minus_Bottom5 (Omega var: 0.0148626481),0.0725551569,0.0501,-0.2,-0.2,0.0,0.0,-0.2,0.0,0.2,0.0,0.2,0.0,-0.2,0.0,0.0,0.2,0.0,0.0,0.0,0.2,0.2,-0.2
[2019-06-28] Top5_minus_Bottom5 (Omega var: 0.0154574602),0.0704438944,0.0477,-0.2,-0.2,0.2,0.0,-0.2,0.0,0.2,0.0,0.2,0.0,-0.2,0.0,0.0,0.2,0.0,0.0,0.0,0.2,0.0,-0.2
[2019-07-31] Top5_minus_Bottom5 (Omega var: 0.0176338345),0.0574463375,0.0414,-0.2,-0.2,0.2,0.0,-0.2,0.0,0.0,0.0,0.0,-0.2,0.0,0.2,0.2,0.0,0.0,0.0,0.0,0.2,0.2,-0.2
[2019-08-30] Top5_minus_Bottom5 (Omega var: 0.0186992561),0.0533261663,0.0445,-0.2,-0.2,0.0,0.0,-0.2,0.0,0.2,-0.2,0.2,0.0,0.0,0.0,0.0,0.2,0.0,0.0,0.0,0.2,0.2,-0.2
[2019-09-30] Top5_minus_Bottom5 (Omega var: 0.0203690424),0.0561875016,0.0337,-0.2,-0.2,0.0,0.2,-0.2,0.0,0.2,0.0,0.2,0.0,0.0,0.2,0.0,0.2,0.0,-0.2,0.0,0.0,0.0,-0.2
[2019-10-31] Top5_minus_Bottom5 (Omega var: 0.0284109217),0.0855027722,0.0226,-0.2,-0.2,0.0,0.2,-0.2,0.0,0.2,0.0,0.2,0.0,0.0,0.0,0.0,0.2,0.0,0.0,-0.2,0.2,0.0,-0.2
[2019-11-29] Top5_minus_Bottom5 (Omega var: 0.0296573077),0.0838331786,0.0228,-0.2,-0.2,0.0,0.0,-0.2,0.0,0.2,0.0,0.2,-0.2,0.0,0.0,0.2,0.2,0.0,0.0,0.0,0.0,0.2,-0.2
[2019-12-31] Top5_minus_Bottom5 (Omega var: 0.0299291546),0.0602598383,0.026,-0.2,0.0,0.0,-0.2,-0.2,0.0,0.0,-0.2,0.2,0.0,0.0,0.0,0.0,0.2,0.2,0.0,0.0,0.2,0.2,-0.2
[2020-01-31] Top5_minus_Bottom5 (Omega var: 0.0299840917),0.0616434523,0.0196,-0.2,0.0,0.0,0.0,-0.2,0.0,0.2,-0.2,0.2,0.0,-0.2,0.0,0.0,0.2,0.0,0.0,-0.2,0.2,0.2,0.0
[2020-02-28] Top5_minus_Bottom5 (Omega var: 0.0298323439),0.0678281013,0.0196,-0.2,-0.2,0.0,0.0,-0.2,0.0,0.2,0.0,0.2,0.0,0.0,0.0,0.0,0.2,0.0,-0.2,-0.2,0.2,0.2,0.0
[2020-03-31] Top5_minus_Bottom5 (Omega var: 0.0294697418),0.0548611796,0.0234,-0.2,-0.2,0.0,0.0,-0.2,0.2,0.2,0.0,0.0,0.0,0.0,0.0,0.0,0.2,0.0,0.0,-0.2,0.2,0.2,-0.2
[2020-04-30] Top5_minus_Bottom5 (Omega var: 0.0382430035),0.0864915169,0.0118,0.0,-0.2,0.0,0.2,0.0,-0.2,0.2,-0.2,0.2,0.0,-0.2,0.0,0.0,0.2,0.0,-0.2,0.0,0.0,0.2,0.0
[2020-05-29] Top5_minus_Bottom5 (Omega var: 0.0388816462),0.0617465962,0.0151,-0.2,-0.2,0.0,0.2,0.0,-0.2,0.2,-0.2,0.2,0.0,-0.2,0.0,0.0,0.2,0.2,0.0,0.0,0.0,0.0,0.0
[2020-06-30] Top5_minus_Bottom5 (Omega var: 0.0386622951),0.0527265337,0.0189,0.0,-0.2,0.0,0.2,0.0,-0.2,0.0,-0.2,0.2,0.0,0.0,0.0,0.0,0.2,0.2,0.0,0.2,-0.2,0.0,-0.2
[2020-07-31] Top5_minus_Bottom5 (Omega var: 0.0387703649),0.0526496148,0.0176,-0.2,-0.2,0.0,0.0,-0.2,0.0,0.2,-0.2,0.2,0.0,0.0,0.0,-0.2,0.2,0.2,0.0,0.0,0.2,0.0,0.0
[2020-08-31] Top5_minus_Bottom5 (Omega var: 0.0369053472),0.0628088408,0.0144,-0.2,0.0,0.2,0.0,-0.2,0.0,0.2,-0.2,0.2,0.0,-0.2,0.0,0.0,0.2,0.2,0.0,0.0,-0.2,0.0,0.0
[2020-09-30] Top5_minus_Bottom5 (Omega var: 0.0359882674),0.0460297009,0.0208,-0.2,-0.2,0.0,0.0,-0.2,0.0,0.2,-0.2,0.2,-0.2,0.2,0.0,0.0,0.0,0.2,0.0,0.2,0.0,0.0,0.0
[2020-10-30] Top5_minus_Bottom5 (Omega var: 0.0377963424),0.0571066124,0.0145,0.0,-0.2,0.0,0.0,0.0,0.2,0.2,-0.2,-0.2,0.0,0.0,0.0,-0.2,0.2,0.2,0.0,0.0,-0.2,0.0,0.2
[2020-11-30] Top5_minus_Bottom5 (Omega var: 0.0381104427),0.0517116691,0.0131,0.0,-0.2,0.2,0.0,0.0,0.0,0.0,-0.2,0.2,-0.2,-0.2,0.2,0.0,0.2,0.0,0.0,0.2,-0.2,0.0,0.0
