date,hold_until,view,90248,90454,92614,38762,92655,23660,76261,91152,81294,10696,32678,23229,24205,60580,88664,79103,36003,60687,82515,93002
2018-12-31,2019-01-31,Top5_minus_Bottom5,0.0,-0.2,0.0,0.0,0.2,0.2,-0.2,-0.2,0.0,0.0,0.0,0.0,0.2,-0.2,0.0,0.0,0.2,0.2,0.0,-0.2
2019-01-31,2019-02-28,Top5_minus_Bottom5,-0.2,-0.2,0.2,0.2,0.2,0.0,0.0,-0.2,0.0,0.0,0.0,0.2,0.2,0.0,0.0,0.0,0.0,0.0,-0.2,-0.2
2019-02-28,2019-03-29,Top5_minus_Bottom5,-0.2,-0.2,0.2,0.0,-0.2,0.0,0.0,-0.2,0.0,0.0,-0.2,0.2,0.2,0.0,0.0,0.0,0.2,0.2,0.0,0.0
2019-03-29,2019-04-30,Top5_minus_Bottom5,0.0,-0.2,0.2,0.0,0.0,0.2,0.0,-0.2,0.0,0.0,0.0,0.2,0.2,-0.2,-0.2,0.0,0.0,0.2,0.0,-0.2
2019-04-30,2019-05-31,Top5_minus_Bottom5,0.0,-0.2,0.2,0.2,-0.2,0.2,0.0,0.0,0.0,0.0,-0.2,0.2,0.2,-0.2,-0.2,0.0,0.0,0.0,0.0,0.0
2019-05-31,2019-06-28,Top5_minus_Bottom5,-0.2,-0.2,0.2,0.0,-0.2,0.0,0.0,0.2,0.0,0.0,0.0,0.2,0.0,0.2,0.0,0.0,-0.2,0.2,0.0,-0.2
2019-06-28,2019-07-31,Top5_minus_Bottom5,-0.2,0.2,0.0,0.0,-0.2,0.2,0.0,0.0,-0.2,0.0,0.0,0.0,0.2,0.2,-0.2,0.0,0.0,0.2,0.0,-0.2
2019-07-31,2019-08-30,Top5_minus_Bottom5,0.0,0.0,0.2,0.0,-0.2,-0.2,0.0,0.0,0.2,-0.2,0.0,0.2,0.2,0.0,0.0,0.0,-0.2,0.2,0.0,-0.2
2019-08-30,2019-09-30,Top5_minus_Bottom5,0.0,-0.2,0.2,0.0,0.0,0.0,0.0,-0.2,-0.2,0.2,0.0,0.2,0.2,0.0,-0.2,0.2,0.0,0.0,0.0,-0.2
2019-09-30,2019-10-31,Top5_minus_Bottom5,0.2,0.0,0.0,0.0,-0.2,0.2,0.0,0.0,-0.2,0.0,0.0,0.0,0.2,0.2,0.0,0.2,0.0,-0.2,-0.2,-0.2
2019-10-31,2019-11-29,Top5_minus_Bottom5,-0.2,-0.2,0.0,0.0,0.0,0.0,0.2,-0.2,-0.2,0.2,0.0,0.2,0.2,0.0,0.0,0.0,0.0,0.2,0.0,-0.2
2019-11-29,2019-12-31,Top5_minus_Bottom5,0.0,-0.2,0.0,-0.2,0.0,0.0,0.0,-0.2,-0.2,0.0,-0.2,0.0,0.2,0.2,0.2,0.2,0.0,0.0,0.2,0.0
2019-12-31,2020-01-31,Top5_minus_Bottom5,-0.2,0.0,0.0,0.0,-0.2,-0.2,-0.2,-0.2,0.0,0.2,0.0,0.0,0.2,0.2,0.0,0.2,0.0,0.2,0.0,0.0
2020-01-31,2020-02-28,Top5_minus_Bottom5,-0.2,-0.2,0.0,0.2,0.0,-0.2,-0.2,0.0,0.2,0.0,-0.2,0.0,0.0,0.0,0.0,0.2,0.0,0.2,0.0,0.2
2020-02-28,2020-03-31,Top5_minus_Bottom5,-0.2,-0.2,0.2,0.0,0.2,-0.2,0.0,0.0,0.0,0.0,-0.2,0.0,0.2,0.0,0.0,0.0,-0.2,0.2,0.0,0.2
2020-03-31,2020-04-30,Top5_minus_Bottom5,-0.2,-0.2,0.0,0.0,0.0,-0.2,0.0,0.0,-0.2,0.0,0.0,0.2,0.2,0.0,0.0,0.0,-0.2,0.2,0.2,0.2
2020-04-30,2020-05-29,Top5_minus_Bottom5,-0.2,-0.2,0.0,0.2,0.2,-0.2,0.0,0.0,0.2,0.0,-0.2,-0.2,0.0,0.0,0.2,0.0,0.0,0.0,0.2,0.0
2020-05-29,2020-06-30,Top5_minus_Bottom5,0.0,0.0,0.0,0.2,0.2,0.0,-0.2,-0.2,-0.2,0.0,0.0,0.0,0.0,-0.2,0.0,0.2,-0.2,0.0,0.2,0.2
2020-06-30,2020-07-31,Top5_minus_Bottom5,-0.2,0.0,0.2,0.2,0.0,0.0,-0.2,0.0,-0.2,-0.2,0.0,0.0,0.0,-0.2,0.2,0.2,0.0,0.0,0.2,0.0
2020-07-31,2020-08-31,Top5_minus_Bottom5,0.2,0.2,0.0,-0.2,0.2,-0.2,0.0,-0.2,0.0,0.0,0.0,-0.2,-0.2,0.0,0.2,0.0,0.0,0.0,0.0,0.2
2020-08-31,2020-09-30,Top5_minus_Bottom5,-0.2,-0.2,0.2,-0.2,0.2,0.0,0.0,0.0,-0.2,0.0,0.0,0.0,-0.2,0.0,0.2,0.0,0.0,0.0,0.2,0.2
2020-09-30,2020-10-30,Top5_minus_Bottom5,-0.2,0.0,0.0,0.0,-0.2,0.0,-0.2,-0.2,-0.2,0.2,0.0,0.2,0.0,0.0,0.0,0.2,0.0,0.2,0.2,0.0
2020-10-30,2020-11-30,Top5_minus_Bottom5,0.0,-0.2,0.0,0.2,0.0,0.0,-0.2,0.0,-0.2,0.2,0.0,-0.2,0.0,0.2,-0.2,0.0,0.0,0.0,0.2,0.2
2020-11-30,2020-12-31,Top5_minus_Bottom5,0.0,0.0,-0.2,-0.2,0.2,0.2,0.0,0.0,0.0,0.0,0.0,-0.2,-0.2,0.2,0.0,0.0,0.2,0.0,-0.2,0.2
