date,hold_until,Top5_minus_Bottom5
2018-12-31,2019-01-31,0.02117024683393538
2019-01-31,2019-02-28,0.021760694379918278
2019-02-28,2019-03-29,0.01838615252636373
2019-03-29,2019-04-30,0.021001917379908263
2019-04-30,2019-05-31,0.014966217917390168
2019-05-31,2019-06-28,0.01663660525227897
2019-06-28,2019-07-31,0.02628529909998179
2019-07-31,2019-08-30,0.02217603120952845
2019-08-30,2019-09-30,0.021084592398256063
2019-09-30,2019-10-31,0.01575667181168683
2019-10-31,2019-11-29,0.024582219123840333
2019-11-29,2019-12-31,0.0248246000148356
2019-12-31,2020-01-31,0.01903009996749461
2020-01-31,2020-02-28,0.023150894232094286
2020-02-28,2020-03-31,0.022419854346662764
2020-03-31,2020-04-30,0.025257668737322093
2020-04-30,2020-05-29,0.01959712055977434
2020-05-29,2020-06-30,0.0184845648764167
2020-06-30,2020-07-31,0.02446620266418904
2020-07-31,2020-08-31,0.015469927177764475
2020-08-31,2020-09-30,0.01864823456853628
2020-09-30,2020-10-30,0.019150513783097265
2020-10-30,2020-11-30,0.021744365245103835
2020-11-30,2020-12-31,0.014469396229833367
